spec_hash,short_spec_hash,friendly_name,link,params_tying,optimizer,lr,epochs,restarts,loss,primary_metric,selection_rule,cv_enabled,timestamp_first_seen
99e63bec676da8b5b7c0fd522518184c29b05b9a49c477c9dd18dfd37e11e7b1,99e63bec676d,logistic-p3-lbfgs-lr0.1-e300-r5-huber,logistic,3,lbfgs,0.1,300,5,huber,aic,best_loss,False,2025-08-25T19:19:51.661077+00:00
d24dc1b32d00b7c5d6b5c35b907d1eb17b9a29528864ce57ba759c3fe9b11da0,d24dc1b32d00,logistic-p3-lbfgs-lr0.1-e300-r5-huber,logistic,3,lbfgs,0.1,300,5,huber,aic,best_loss,False,2025-08-25T19:19:57.438079+00:00
dfde6d4636f018e27862a916365e76ac7a8e479421e64d2b8844693f86f64913,dfde6d4636f0,logistic-p3-lbfgs-lr0.1-e300-r5-huber,logistic,3,lbfgs,0.1,300,5,huber,aic,best_loss,False,2025-08-25T19:19:59.525433+00:00
302508f2dd921d25685077236c8ca5ae71a7cba76081570d9f6b280f55242df3,302508f2dd92,logistic-p3-lbfgs-lr0.1-e300-r5-huber,logistic,3,lbfgs,0.1,300,5,huber,aic,best_loss,False,2025-08-25T19:20:01.235080+00:00
70c08ac645800c6748e762fcc216c66636666b330f2839e0ac1422d87edd1c18,70c08ac64580,logistic-p3-lbfgs-lr0.1-e300-r5-huber,logistic,3,lbfgs,0.1,300,5,huber,aic,best_loss,False,2025-08-25T19:20:02.672974+00:00
e1ee78f7b134e9d89ea951fdaef961de82b16d7d4492c4196a94e5b471f89bdc,e1ee78f7b134,logistic-p3-lbfgs-lr0.1-e300-r5-huber,logistic,3,lbfgs,0.1,300,5,huber,aic,best_loss,False,2025-08-25T19:20:05.633336+00:00
8e95081b848821e850dd1b5168b3c2379fd4915d742356887d7d762b30fd3fb6,8e95081b8488,logistic-p3-lbfgs-lr0.1-e300-r10-huber-cv,logistic,3,lbfgs,0.1,300,10,huber,aic,best_loss,True,2025-08-25T19:20:56.384286+00:00
ffcffa4041b494e4f629611a70a48f7d4446417ea1a5f2535da637f60e221ab1,ffcffa4041b4,logistic-p3-lbfgs-lr0.1-e300-r10-huber-cv,logistic,3,lbfgs,0.1,300,10,huber,aic,best_loss,True,2025-08-25T19:22:11.163884+00:00
2d794735e081a1804eaf5130515140cf1d5567c5b6e072e3ce95961b92c8a7c9,2d794735e081,logistic-p3-lbfgs-lr0.1-e300-r10-huber-cv,logistic,3,lbfgs,0.1,300,10,huber,aic,best_loss,True,2025-08-25T19:22:34.502306+00:00
7bf69419cc38a384309a0fb959a4baa19e425c6ff7dd302110f6423b26f5c87f,7bf69419cc38,logistic-p3-lbfgs-lr0.1-e300-r10-huber-cv,logistic,3,lbfgs,0.1,300,10,huber,aic,best_loss,True,2025-08-25T19:22:59.317526+00:00
7d4ad852e702b7ccbf17cc70ceb3f8d5b311f480436c7c4d16c474e0d6a9dd95,7d4ad852e702,logistic-p3-lbfgs-lr0.1-e300-r10-huber-cv,logistic,3,lbfgs,0.1,300,10,huber,aic,best_loss,True,2025-08-25T19:23:18.869065+00:00
3bbae0c6fa4ba2775277ca24a1a045dd27a841ceb8619bfe6880fe948d749398,3bbae0c6fa4b,logistic-p3-lbfgs-lr0.1-e300-r10-huber-cv,logistic,3,lbfgs,0.1,300,10,huber,aic,best_loss,True,2025-08-25T19:24:02.568388+00:00
071540e359a767c33eba9c9373c01ca302ef2aef546166eb09b673af32172501,071540e359a7,logistic-p3-lbfgs-lr0.1-e300-r10-huber-cv,logistic,3,lbfgs,0.1,300,10,huber,aic,best_loss,True,2025-08-25T19:25:22.372219+00:00
ce2794426281b89c682b330ec5bb066e9325a7612ef74e055f0c72fb7cb3d71d,ce2794426281,logistic-p3-lbfgs-lr0.1-e300-r10-huber-cv,logistic,3,lbfgs,0.1,300,10,huber,aic,best_loss,True,2025-08-25T19:26:36.876933+00:00
ad18b15c24cbfdf172bbaab680f4fe94d27b95e3455d0e0117a288055fe49ba8,ad18b15c24cb,logistic-p3-lbfgs-lr0.1-e300-r10-huber-cv,logistic,3,lbfgs,0.1,300,10,huber,aic,best_loss,True,2025-08-25T19:27:49.197891+00:00
49dc4b844e7d687ba0e96534aff6110fae08afaaa52e9148f81a4f50cf5321ee,49dc4b844e7d,logistic-p3-lbfgs-lr0.1-e300-r10-huber-cv,logistic,3,lbfgs,0.1,300,10,huber,aic,best_loss,True,2025-08-25T19:29:04.556205+00:00
0cf5e3ce5af5d8fcb1f0ab3f5e46002cf0638a78f43635d1fe2921931145a540,0cf5e3ce5af5,logistic-p3-lbfgs-lr0.1-e300-r10-huber-cv,logistic,3,lbfgs,0.1,300,10,huber,aic,best_loss,True,2025-08-25T19:29:29.022440+00:00
9ad6731a911033a94d1ad0c13e9bba1f2e105feb0a907413cafb5ce4c713aa0f,9ad6731a9110,logistic-p3-lbfgs-lr0.1-e300-r10-huber-cv,logistic,3,lbfgs,0.1,300,10,huber,aic,best_loss,True,2025-08-25T19:30:06.636762+00:00
f4b39486526979df1aa3afe6549458db60727ad05fd1af0af42dd61a5e0abfb7,f4b394865269,logistic-p3-lbfgs-lr0.1-e300-r10-huber-cv,logistic,3,lbfgs,0.1,300,10,huber,aic,best_loss,True,2025-08-25T19:31:20.123641+00:00
4f48fa534c0151e094b58ed95128e68fbbe15f3fb401a394ab587449349c2501,4f48fa534c01,logistic-p3-lbfgs-lr0.1-e300-r10-huber-cv,logistic,3,lbfgs,0.1,300,10,huber,aic,best_loss,True,2025-08-25T19:32:31.851912+00:00
3dab46a9f8e44dda36faec1974ab6dc6ec7d9cc1615eebbdb680692be9663eb9,3dab46a9f8e4,logistic-p3-lbfgs-lr0.1-e300-r10-huber-cv,logistic,3,lbfgs,0.1,300,10,huber,aic,best_loss,True,2025-08-25T19:33:44.895354+00:00
ca65bec7890030e9f7f2ecf4bcb8fff63ad31c903e66ed54c5a2a230f9bee21b,ca65bec78900,logistic-p3-lbfgs-lr0.1-e300-r10-huber-cv,logistic,3,lbfgs,0.1,300,10,huber,aic,best_loss,True,2025-08-25T19:34:10.717277+00:00
58c242df0868b1c7c0c19c42e7b9b99088cfefd132103f172eaa4027d985e0af,58c242df0868,logistic-p3-lbfgs-lr0.1-e300-r10-huber-cv,logistic,3,lbfgs,0.1,300,10,huber,aic,best_loss,True,2025-08-25T19:35:24.970967+00:00
491998ac85a4c1c11162ec31e9365147c1b1128facaa2bbff2a204f2d0b6bed9,491998ac85a4,logistic-p3-lbfgs-lr0.1-e300-r10-huber-cv,logistic,3,lbfgs,0.1,300,10,huber,aic,best_loss,True,2025-08-25T19:35:48.180717+00:00
afd07a3efc5d36dfa422e4610a5a7e9e186296f2f59262e2b19b5cfe52951688,afd07a3efc5d,logistic-p3-lbfgs-lr0.1-e300-r10-huber-cv,logistic,3,lbfgs,0.1,300,10,huber,aic,best_loss,True,2025-08-25T19:36:59.959632+00:00
479f25882999102ea4197892cbf335b7268e16305ead5e128de9b6d5733ced50,479f25882999,logistic-p3-lbfgs-lr0.1-e300-r10-huber-cv,logistic,3,lbfgs,0.1,300,10,huber,aic,best_loss,True,2025-08-25T19:37:24.761388+00:00
d2d61416bb4c752bdcc11ac73ceb7b7221f803dbfd2ea2c97eb11049cc5006aa,d2d61416bb4c,logistic-p3-lbfgs-lr0.1-e300-r10-huber-cv,logistic,3,lbfgs,0.1,300,10,huber,aic,best_loss,True,2025-08-25T19:37:49.779989+00:00
63f1b53027667b38ebeacc915958e9b9f6d6b09a9c189e8c2106674d2d8c825c,63f1b5302766,logistic-p3-lbfgs-lr0.1-e300-r10-huber-cv,logistic,3,lbfgs,0.1,300,10,huber,aic,best_loss,True,2025-08-25T19:38:12.268982+00:00
cadfa8493a440491f7b42ff6eb40e46b489b778c023a1b424d977fa02116bf7b,cadfa8493a44,logistic-p3-lbfgs-lr0.1-e300-r10-huber-cv,logistic,3,lbfgs,0.1,300,10,huber,aic,best_loss,True,2025-08-25T19:38:46.983677+00:00
2da28faa85f3630714c028bd17210a7ac28c757ee71d4c6990da0523a91cefb0,2da28faa85f3,logistic-p3-lbfgs-lr0.1-e300-r10-huber-cv,logistic,3,lbfgs,0.1,300,10,huber,aic,best_loss,True,2025-08-25T19:39:19.667749+00:00
87afe1c8b761047ec00ad3480e164c3009c835023736d92c0ba52154f070f4b6,87afe1c8b761,logistic-p3-lbfgs-lr0.1-e300-r10-huber-cv,logistic,3,lbfgs,0.1,300,10,huber,aic,best_loss,True,2025-08-25T19:40:21.307902+00:00
6f6432da3d033759b346538b4033ac2995e463e2bb1428d4d55411316f31fbd2,6f6432da3d03,logistic-p3-lbfgs-lr0.1-e300-r10-huber-cv,logistic,3,lbfgs,0.1,300,10,huber,aic,best_loss,True,2025-08-25T19:40:50.462390+00:00
d34350110047c20e2f8b9d1b6e6b7daed378aa5bf9626e6b84253055664dd586,d34350110047,logistic-p3-lbfgs-lr0.1-e300-r10-huber-cv,logistic,3,lbfgs,0.1,300,10,huber,aic,best_loss,True,2025-08-25T19:42:06.216328+00:00
4db44801a87ef5c6abea70bb701e8c3ac633f89ce94f26b90b684a0e23a0148c,4db44801a87e,logistic-p3-lbfgs-lr0.1-e300-r10-huber-cv,logistic,3,lbfgs,0.1,300,10,huber,aic,best_loss,True,2025-08-25T19:42:30.299128+00:00
61830b932d26b0429e0886e5e0cb0731a9bc3e4519d62eab5ae746d2e1a39f53,61830b932d26,logistic-p3-lbfgs-lr0.1-e300-r10-huber-cv,logistic,3,lbfgs,0.1,300,10,huber,aic,best_loss,True,2025-08-25T19:43:42.795184+00:00
7a14e010bcdae36e87bd2dbb21682645c805ad831b35f45eb631aa0125bd1265,7a14e010bcda,logistic-p3-lbfgs-lr0.1-e300-r10-huber-cv,logistic,3,lbfgs,0.1,300,10,huber,aic,best_loss,True,2025-08-25T19:44:50.347129+00:00
4527d48ea8c0198fb10f9b76fee2c192beee2d19b994f7ff61ae6aa4ede7665f,4527d48ea8c0,logistic-p3-lbfgs-lr0.1-e300-r10-huber-cv,logistic,3,lbfgs,0.1,300,10,huber,aic,best_loss,True,2025-08-25T19:45:42.514415+00:00
bf0c845a02dd84c70623ac4e0d98f244c508dc10421c317d079b6bf569fa95ca,bf0c845a02dd,logistic-p3-lbfgs-lr0.1-e300-r10-huber-cv,logistic,3,lbfgs,0.1,300,10,huber,aic,best_loss,True,2025-08-25T19:46:55.448785+00:00
0ad9b59d06bd31c99aefa6e658ff9e534ae40f87019e1c26d768814aaf8f86f7,0ad9b59d06bd,logistic-p3-lbfgs-lr0.1-e300-r10-huber-cv,logistic,3,lbfgs,0.1,300,10,huber,aic,best_loss,True,2025-08-25T19:48:10.378949+00:00
c0b6244fcf982b348042a2bae75bbe5163aff6470b3ce28afd54e39f53aaea89,c0b6244fcf98,logistic-p3-lbfgs-lr0.1-e300-r10-huber-cv,logistic,3,lbfgs,0.1,300,10,huber,aic,best_loss,True,2025-08-25T19:49:26.894493+00:00
14d2b2e3429dbac0f1efec067af391e5b8995507f155bf1729244c06c68b312d,14d2b2e3429d,logistic-p3-lbfgs-lr0.1-e300-r10-huber-cv,logistic,3,lbfgs,0.1,300,10,huber,aic,best_loss,True,2025-08-25T19:50:43.149725+00:00
aeb8dff774b1bd1e81c9b05eae89132094b18c49da81ddc986beda90b086a290,aeb8dff774b1,logistic-p3-lbfgs-lr0.1-e300-r10-huber-cv,logistic,3,lbfgs,0.1,300,10,huber,aic,best_loss,True,2025-08-25T19:51:54.057855+00:00
6ba7529116a9720f9426519603eb2754a383d669d2463c628e1346f6f7f7c6e3,6ba7529116a9,logistic-p3-lbfgs-lr0.1-e300-r10-huber-cv,logistic,3,lbfgs,0.1,300,10,huber,aic,best_loss,True,2025-08-25T19:52:17.129539+00:00
fb7918001391da681d1cfe31d04aa2fbd251d259495f523a15cf8d5a3f0a8a80,fb7918001391,logistic-p3-lbfgs-lr0.1-e300-r10-huber-cv,logistic,3,lbfgs,0.1,300,10,huber,aic,best_loss,True,2025-08-25T19:53:29.617337+00:00
c982c7789bcc92616ad5787197447a25734f2569acbf5844fd94716dbba6b578,c982c7789bcc,logistic-p3-lbfgs-lr0.1-e300-r10-huber-cv,logistic,3,lbfgs,0.1,300,10,huber,aic,best_loss,True,2025-08-25T19:53:53.765174+00:00
f6ae17c859cb84ae310a7ecdb4e9789ebb78b0939aeb862e663c13ff7dfe2bad,f6ae17c859cb,logistic-p3-lbfgs-lr0.1-e300-r10-huber-cv,logistic,3,lbfgs,0.1,300,10,huber,aic,best_loss,True,2025-08-25T19:54:18.947332+00:00
eea40ee3c0c7fb957066b462d79cccdab3dcc6bf500a7756018d030e92916001,eea40ee3c0c7,logistic-p3-lbfgs-lr0.1-e300-r10-huber-cv,logistic,3,lbfgs,0.1,300,10,huber,aic,best_loss,True,2025-08-25T19:54:34.799009+00:00
cde0d82d24ca1304edbdc625b567c761239e4b608c050eb577e4299671e57976,cde0d82d24ca,logistic-p3-lbfgs-lr0.1-e300-r10-huber-cv,logistic,3,lbfgs,0.1,300,10,huber,aic,best_loss,True,2025-08-25T19:55:01.525459+00:00
354a414c37dc37381ebb109bdfdd3f3bf3d2ca13697fcff5533c495d2751bee4,354a414c37dc,logistic-p3-lbfgs-lr0.1-e300-r10-huber-cv,logistic,3,lbfgs,0.1,300,10,huber,aic,best_loss,True,2025-08-25T19:55:31.113152+00:00
ff984153679c674082d5bcbfc8c55ddbe3735fd7daa7a85eb67003e7dcdc9096,ff984153679c,logistic-p3-lbfgs-lr0.1-e300-r10-huber-cv,logistic,3,lbfgs,0.1,300,10,huber,aic,best_loss,True,2025-08-25T19:56:43.613774+00:00
d299e594d5e45ebb1f0640141deb2a420b28d2ddfb8cf74190c79bf1cf0872e4,d299e594d5e4,logistic-p3-lbfgs-lr0.1-e300-r10-huber-cv,logistic,3,lbfgs,0.1,300,10,huber,aic,best_loss,True,2025-08-25T19:57:09.119521+00:00
da31955a4f348861445f5c670ad6e02f96e8e1d844d036c036534d0d623532ae,da31955a4f34,logistic-p3-lbfgs-lr0.1-e300-r10-huber-cv,logistic,3,lbfgs,0.1,300,10,huber,aic,best_loss,True,2025-08-25T19:58:22.430823+00:00
515348de00f4b0beafb884d3d81632c8f25a758318bb1248ef5c0cc05968ea06,515348de00f4,logistic-p3-lbfgs-lr0.1-e300-r10-huber-cv,logistic,3,lbfgs,0.1,300,10,huber,aic,best_loss,True,2025-08-25T19:58:47.762129+00:00
36b3d6241de76b25e077c218403208be533090fdd87981d9058bccf8d8613b16,36b3d6241de7,logistic-p3-lbfgs-lr0.1-e300-r10-huber-cv,logistic,3,lbfgs,0.1,300,10,huber,aic,best_loss,True,2025-08-25T20:00:00.486603+00:00
6a8b2557525b91ef234e93528497fa222eedc9c16b0e0d4b6b8f09363ead5328,6a8b2557525b,logistic-p3-lbfgs-lr0.1-e300-r10-huber-cv,logistic,3,lbfgs,0.1,300,10,huber,aic,best_loss,True,2025-08-25T20:00:49.344097+00:00
c60f589e106fd76cfde7b255413412ac72ee83853b193f3e5a22b8d23211c61e,c60f589e106f,logistic-p3-lbfgs-lr0.1-e300-r10-huber-cv,logistic,3,lbfgs,0.1,300,10,huber,aic,best_loss,True,2025-08-25T20:01:16.149431+00:00
2fa8711aa91307ecaddb5e9d9058645c974493ad38ee52861e9177312bf142cc,2fa8711aa913,logistic-p3-lbfgs-lr0.1-e300-r10-huber-cv,logistic,3,lbfgs,0.1,300,10,huber,aic,best_loss,True,2025-08-25T20:02:29.138607+00:00
d6f535e6db818134906f85968b11bfc61c332cc0285c531e84a60d096f318138,d6f535e6db81,logistic-p3-lbfgs-lr0.1-e300-r10-huber-cv,logistic,3,lbfgs,0.1,300,10,huber,aic,best_loss,True,2025-08-25T20:03:42.368046+00:00
5a3b641f0f96634ada144bff83a79ae2ea2d17c644d9fc4c3c02cd35ceffce71,5a3b641f0f96,logistic-p3-lbfgs-lr0.1-e300-r10-huber-cv,logistic,3,lbfgs,0.1,300,10,huber,aic,best_loss,True,2025-08-25T20:04:56.987307+00:00
d55d517ad69d130b8b9c7f3435838887dac85f111ffe667e0834e162c700ff23,d55d517ad69d,logistic-p3-lbfgs-lr0.1-e300-r10-huber-cv,logistic,3,lbfgs,0.1,300,10,huber,aic,best_loss,True,2025-08-25T20:06:13.156752+00:00
4ffd439c566a889cd55ab99f875d967a006fbcc56e9ee60a247f849ec9c1f8fb,4ffd439c566a,logistic-p3-lbfgs-lr0.1-e300-r10-huber-cv,logistic,3,lbfgs,0.1,300,10,huber,aic,best_loss,True,2025-08-25T20:07:26.706103+00:00
09c6d3c28e00f2196c7daf80a2cdab9d0ee8a47f833bf1809bb36b078c723673,09c6d3c28e00,logistic-p3-lbfgs-lr0.1-e300-r10-huber-cv,logistic,3,lbfgs,0.1,300,10,huber,aic,best_loss,True,2025-08-25T20:07:51.927757+00:00
294da262ad95aeb3356db659e3273d163b31d683d591021947d042152218d451,294da262ad95,logistic-p4-lbfgs-lr0.1-e300-r10-huber-cv,logistic,4,lbfgs,0.1,300,10,huber,aic,best_loss,True,2025-08-25T20:08:20.270575+00:00
5eaa3f54104f9b4e21c88a3449f0cf8b7a23682ec7d5eaad782772fae57ad163,5eaa3f54104f,logistic-p4-lbfgs-lr0.1-e300-r10-huber-cv,logistic,4,lbfgs,0.1,300,10,huber,aic,best_loss,True,2025-08-25T20:09:48.222510+00:00
0cb211fc6b862277637d176253ac8439a8ee68283b7e9d5b0c7b459feb720089,0cb211fc6b86,logistic-p4-lbfgs-lr0.1-e300-r10-huber-cv,logistic,4,lbfgs,0.1,300,10,huber,aic,best_loss,True,2025-08-25T20:10:16.658531+00:00
bd870fe82849a043cdddb757a5e15a6cf6e251028e76a13178495fddb256e297,bd870fe82849,logistic-p4-lbfgs-lr0.1-e300-r10-huber-cv,logistic,4,lbfgs,0.1,300,10,huber,aic,best_loss,True,2025-08-25T20:10:58.336206+00:00
6d34f5b3cb5fedacb3b6bce8e94851e78683c334f9f645b7bff008444175dca7,6d34f5b3cb5f,logistic-p4-lbfgs-lr0.1-e300-r10-huber-cv,logistic,4,lbfgs,0.1,300,10,huber,aic,best_loss,True,2025-08-25T20:11:17.127044+00:00
a778af8c189564fc847ab0174d8eef6724b6be511aac463899b9a96c3a75da18,a778af8c1895,logistic-p4-lbfgs-lr0.1-e300-r10-huber-cv,logistic,4,lbfgs,0.1,300,10,huber,aic,best_loss,True,2025-08-25T20:12:39.371474+00:00
4da3648aed79e5612b8c883c521b3006c1829464614f3459c3582e94659b5bcf,4da3648aed79,logistic-p4-lbfgs-lr0.1-e300-r10-huber-cv,logistic,4,lbfgs,0.1,300,10,huber,aic,best_loss,True,2025-08-25T20:13:57.039185+00:00
46d1dcfb7d5f3d4c0a1c729bd5eea0e75814264995187c8ac5c68a324a9d25b1,46d1dcfb7d5f,logistic-p4-lbfgs-lr0.1-e300-r10-huber-cv,logistic,4,lbfgs,0.1,300,10,huber,aic,best_loss,True,2025-08-25T20:15:11.274902+00:00
651fb776bba2a31c970044c64fbe61b726280cb855b3364322e7e7672760be3a,651fb776bba2,logistic-p4-lbfgs-lr0.1-e300-r10-huber-cv,logistic,4,lbfgs,0.1,300,10,huber,aic,best_loss,True,2025-08-25T20:16:29.412131+00:00
733e5a9f66d6ae46706747840ab668af7a35f9249d3f466ad20ab901ad5b6f1a,733e5a9f66d6,logistic-p4-lbfgs-lr0.1-e300-r10-huber-cv,logistic,4,lbfgs,0.1,300,10,huber,aic,best_loss,True,2025-08-25T20:17:44.195362+00:00
d05cd851c9c9870d36ec908565ad2bd23202d44dbaa0ff59020c29f83db49e5d,d05cd851c9c9,logistic-p4-lbfgs-lr0.1-e300-r10-huber-cv,logistic,4,lbfgs,0.1,300,10,huber,aic,best_loss,True,2025-08-25T20:18:14.597328+00:00
d50364d6b7465ac33b0ff5ceb7d2c1afe42dda3337f2e82923885b91da356d48,d50364d6b746,logistic-p4-lbfgs-lr0.1-e300-r10-huber-cv,logistic,4,lbfgs,0.1,300,10,huber,aic,best_loss,True,2025-08-25T20:19:07.887880+00:00
70f6bb386859f8b52b4173b71acc6a6fa7e12f580564d0e63bb7c89ed0ecdea2,70f6bb386859,logistic-p4-lbfgs-lr0.1-e300-r10-huber-cv,logistic,4,lbfgs,0.1,300,10,huber,aic,best_loss,True,2025-08-25T20:20:22.687771+00:00
9ca7499febce8732569139d2b0ee5830824fc02f6d46e5b567c2295354dc82dc,9ca7499febce,logistic-p4-lbfgs-lr0.1-e300-r10-huber-cv,logistic,4,lbfgs,0.1,300,10,huber,aic,best_loss,True,2025-08-25T20:21:45.935238+00:00
68dfa79dc6b7fda744fe7b625d16af4c0ef22d3a07375db35e66b2dc3fd60b05,68dfa79dc6b7,logistic-p4-lbfgs-lr0.1-e300-r10-huber-cv,logistic,4,lbfgs,0.1,300,10,huber,aic,best_loss,True,2025-08-25T20:23:01.132487+00:00
50e1b55732209c612223fab7337a6c0345cce98bc64cecc29e536f75b54b0346,50e1b5573220,logistic-p4-lbfgs-lr0.1-e300-r10-huber-cv,logistic,4,lbfgs,0.1,300,10,huber,aic,best_loss,True,2025-08-25T20:23:29.066516+00:00
59dfaa539e09647f6cd9ee300db174ac538c04f3898038e7246f55389eb8c9ef,59dfaa539e09,logistic-p4-lbfgs-lr0.1-e300-r10-huber-cv,logistic,4,lbfgs,0.1,300,10,huber,aic,best_loss,True,2025-08-25T20:24:44.928411+00:00
83705c7bb5bb5bce3b1344bb050db9f1a292eab8177c052a1767e175a1c89f2a,83705c7bb5bb,logistic-p4-lbfgs-lr0.1-e300-r10-huber-cv,logistic,4,lbfgs,0.1,300,10,huber,aic,best_loss,True,2025-08-25T20:25:13.169906+00:00
14533d12b83036c48875d552ce4ad629b494bb73b0b58cca66df40d42cf90bbd,14533d12b830,logistic-p4-lbfgs-lr0.1-e300-r10-huber-cv,logistic,4,lbfgs,0.1,300,10,huber,aic,best_loss,True,2025-08-25T20:26:39.287083+00:00
8f53ab3b0f25604a7b3baef71b8a8aab50a97b8089f833f2942a38d6651d9766,8f53ab3b0f25,logistic-p4-lbfgs-lr0.1-e300-r10-huber-cv,logistic,4,lbfgs,0.1,300,10,huber,aic,best_loss,True,2025-08-25T20:27:18.758294+00:00
4e697f06de31163c04e339f5338e4b2f76098771aec34fc414fc558deb14aa39,4e697f06de31,logistic-p4-lbfgs-lr0.1-e300-r10-huber-cv,logistic,4,lbfgs,0.1,300,10,huber,aic,best_loss,True,2025-08-25T20:27:53.230940+00:00
17d8c95e014bf21043f802425dc6c72bc024dcf5910093c30fa293bfc4dcf055,17d8c95e014b,logistic-p4-lbfgs-lr0.1-e300-r10-huber-cv,logistic,4,lbfgs,0.1,300,10,huber,aic,best_loss,True,2025-08-25T20:28:19.220775+00:00
d3e190bd2d6e198b54224312472af196a511a3cbae7f91dbe09de15de768a9cb,d3e190bd2d6e,logistic-p4-lbfgs-lr0.1-e300-r10-huber-cv,logistic,4,lbfgs,0.1,300,10,huber,aic,best_loss,True,2025-08-25T20:29:32.724758+00:00
9593d9d69838320e132ab2102c63fc4db3468c59ae4c7a29575feea53be478eb,9593d9d69838,logistic-p4-lbfgs-lr0.1-e300-r10-huber-cv,logistic,4,lbfgs,0.1,300,10,huber,aic,best_loss,True,2025-08-25T20:30:20.740561+00:00
685510404dfdb9a4dcf1f7c4cd8b1fd6040d8be589d652f641322402b767ab43,685510404dfd,logistic-p4-lbfgs-lr0.1-e300-r10-huber-cv,logistic,4,lbfgs,0.1,300,10,huber,aic,best_loss,True,2025-08-25T20:31:24.919650+00:00
7f21c2d51e93c8e22eb0f4810d1584a181d8decb39fa13d5937c1b650b409b72,7f21c2d51e93,logistic-p4-lbfgs-lr0.1-e300-r10-huber-cv,logistic,4,lbfgs,0.1,300,10,huber,aic,best_loss,True,2025-08-25T20:32:15.531937+00:00
61bf8b5bf6e78f965c906b29fbda0223caa49d87b1545716165f229038340fc5,61bf8b5bf6e7,logistic-p4-lbfgs-lr0.1-e300-r10-huber-cv,logistic,4,lbfgs,0.1,300,10,huber,aic,best_loss,True,2025-08-25T20:33:36.246011+00:00
429a17cce32fbabf8770b137c7906f3645ecf51364eb5bc025ebcad277134053,429a17cce32f,logistic-p4-lbfgs-lr0.1-e300-r10-huber-cv,logistic,4,lbfgs,0.1,300,10,huber,aic,best_loss,True,2025-08-25T20:34:05.653969+00:00
d1512c50e7101541541494948944535ebbb7c7ba74d87861ad3d92de5f1f059e,d1512c50e710,logistic-p4-lbfgs-lr0.1-e300-r10-huber-cv,logistic,4,lbfgs,0.1,300,10,huber,aic,best_loss,True,2025-08-25T20:35:29.741123+00:00
5c2406200f590455dccca6f7e25060c78d5e661cbb986e903019f831aa311299,5c2406200f59,logistic-p4-lbfgs-lr0.1-e300-r10-huber-cv,logistic,4,lbfgs,0.1,300,10,huber,aic,best_loss,True,2025-08-25T20:36:46.784058+00:00
e09c13623a1749cc1c5bb480bbaccd9b421328709146f9e8910a7f7b36a232bb,e09c13623a17,logistic-p4-lbfgs-lr0.1-e300-r10-huber-cv,logistic,4,lbfgs,0.1,300,10,huber,aic,best_loss,True,2025-08-25T20:38:06.895314+00:00
9dfea75bbab370fd6082d5199ddf6f9d727870e2ae0dfa7592c4c3c903d9d3f0,9dfea75bbab3,logistic-p4-lbfgs-lr0.1-e300-r10-huber-cv,logistic,4,lbfgs,0.1,300,10,huber,aic,best_loss,True,2025-08-25T20:39:18.273409+00:00
f494d59a9f7861ffa5e5ac2c3c3842f34cce34e58b00207cac0f3eb50cd1e495,f494d59a9f78,logistic-p4-lbfgs-lr0.1-e300-r10-huber-cv,logistic,4,lbfgs,0.1,300,10,huber,aic,best_loss,True,2025-08-25T20:40:30.079231+00:00
2e689be2f329e789b98533978beeb067c4df57621297ec2c390f91fc9210be91,2e689be2f329,logistic-p4-lbfgs-lr0.1-e300-r10-huber-cv,logistic,4,lbfgs,0.1,300,10,huber,aic,best_loss,True,2025-08-25T20:41:42.368774+00:00
88e6fabc20e5c44381d2206241b7d5ef9b04ced530cf0647b5781d4fa5bda753,88e6fabc20e5,logistic-p4-lbfgs-lr0.1-e300-r10-huber-cv,logistic,4,lbfgs,0.1,300,10,huber,aic,best_loss,True,2025-08-25T20:43:05.492407+00:00
54aaa1b681ef6141cc1a6831ed3017cca7f04dc00803fc042ab682482b99c438,54aaa1b681ef,logistic-p4-lbfgs-lr0.1-e300-r10-huber-cv,logistic,4,lbfgs,0.1,300,10,huber,aic,best_loss,True,2025-08-25T20:44:17.806531+00:00
24e7e160b5b622d38dd6576cc6eebb80cbb15c18d3e94b5ec1efb10d45e80de3,24e7e160b5b6,logistic-p4-lbfgs-lr0.1-e300-r10-huber-cv,logistic,4,lbfgs,0.1,300,10,huber,aic,best_loss,True,2025-08-25T20:44:51.888092+00:00
ca67cde3d8dd69613f951c9e22879acaf8ec66448b3ac65509cfeb05d9de054b,ca67cde3d8dd,logistic-p4-lbfgs-lr0.1-e300-r10-huber-cv,logistic,4,lbfgs,0.1,300,10,huber,aic,best_loss,True,2025-08-25T20:46:15.493153+00:00
47d2570b85c67e4b7942b5fbffcf5f5749628e19cdf60335afea894067fd5647,47d2570b85c6,logistic-p4-lbfgs-lr0.1-e300-r10-huber-cv,logistic,4,lbfgs,0.1,300,10,huber,aic,best_loss,True,2025-08-25T20:46:46.204370+00:00
886f78f02e705c8817b7a0b54ee3b3aae54101367ada13969169051d771547b4,886f78f02e70,logistic-p4-lbfgs-lr0.1-e300-r10-huber-cv,logistic,4,lbfgs,0.1,300,10,huber,aic,best_loss,True,2025-08-25T20:47:18.818623+00:00
620a9329af83d15cbc3f225fa9b8b518b0349ae0a33fc49517e757fc39c163e1,620a9329af83,logistic-p4-lbfgs-lr0.1-e300-r10-huber-cv,logistic,4,lbfgs,0.1,300,10,huber,aic,best_loss,True,2025-08-25T20:47:51.264877+00:00
8ad44878c66374f9c6ecc92997b0bf623e2f2d6125a2b05cb81767abd30c91cc,8ad44878c663,logistic-p4-lbfgs-lr0.1-e300-r10-huber-cv,logistic,4,lbfgs,0.1,300,10,huber,aic,best_loss,True,2025-08-25T20:48:29.386171+00:00
6ad5f2d04601497d4e0a8a5685c75d0358acb40e1c12136c92902c461644a9e8,6ad5f2d04601,logistic-p4-lbfgs-lr0.1-e300-r10-huber-cv,logistic,4,lbfgs,0.1,300,10,huber,aic,best_loss,True,2025-08-25T20:49:08.896418+00:00
464ce183d16c78b64597a3dc921f167c16d2de3d756d90ae7387793dad42d9c8,464ce183d16c,logistic-p4-lbfgs-lr0.1-e300-r10-huber-cv,logistic,4,lbfgs,0.1,300,10,huber,aic,best_loss,True,2025-08-25T20:50:25.075393+00:00
871aad66d7f31ae85751d90183edcfcca6d3b4eb76e9eabbd113e519b24f5afb,871aad66d7f3,logistic-p4-lbfgs-lr0.1-e300-r10-huber-cv,logistic,4,lbfgs,0.1,300,10,huber,aic,best_loss,True,2025-08-25T20:50:57.542731+00:00
b406971b3af8c67130844eccee0b1db7b8d901212e869d32dded3a3992d4fd75,b406971b3af8,logistic-p4-lbfgs-lr0.1-e300-r10-huber-cv,logistic,4,lbfgs,0.1,300,10,huber,aic,best_loss,True,2025-08-25T20:52:13.501131+00:00
24e05deaef9f11eac953d2a5eee3c32775f9323af402856b70628215213c5106,24e05deaef9f,logistic-p4-lbfgs-lr0.1-e300-r10-huber-cv,logistic,4,lbfgs,0.1,300,10,huber,aic,best_loss,True,2025-08-25T20:52:50.037768+00:00
1157ff7b21f691cc841facdc5fde56e441e40b25dfc26841784af1facfb7a419,1157ff7b21f6,logistic-p4-lbfgs-lr0.1-e300-r10-huber-cv,logistic,4,lbfgs,0.1,300,10,huber,aic,best_loss,True,2025-08-25T20:54:08.025647+00:00
baea3bb8dc92fe17ca8a607772a2540db6f9ee6fbd83a4d94d75cb8c593a91fd,baea3bb8dc92,logistic-p4-lbfgs-lr0.1-e300-r10-huber-cv,logistic,4,lbfgs,0.1,300,10,huber,aic,best_loss,True,2025-08-25T20:55:22.972425+00:00
5c71f8339529a2c943049250f9f4d79ee649d5f9ae5fd5d85c2405a5978afcd9,5c71f8339529,logistic-p4-lbfgs-lr0.1-e300-r10-huber-cv,logistic,4,lbfgs,0.1,300,10,huber,aic,best_loss,True,2025-08-25T20:55:59.707479+00:00
34720896ece6e98a2056c932cf96b895b8da58f41197776b04e3680450c4c4ef,34720896ece6,logistic-p4-lbfgs-lr0.1-e300-r10-huber-cv,logistic,4,lbfgs,0.1,300,10,huber,aic,best_loss,True,2025-08-25T20:57:30.031941+00:00
ff470c09bd5b54f130d90b9ae5e084715dfb271047ebeb2c0d4c424467e10721,ff470c09bd5b,logistic-p4-lbfgs-lr0.1-e300-r10-huber-cv,logistic,4,lbfgs,0.1,300,10,huber,aic,best_loss,True,2025-08-25T20:58:45.884339+00:00
be4ac104f3bf8f36e5ef089aba92b26ff7922ca15b09ed30e13cd2aecdf5651d,be4ac104f3bf,logistic-p4-lbfgs-lr0.1-e300-r10-huber-cv,logistic,4,lbfgs,0.1,300,10,huber,aic,best_loss,True,2025-08-25T21:00:00.003575+00:00
53a7f6f6b446a1986c6e6cb96553d1dfd75befcc9566a3f885a0441bc07b1779,53a7f6f6b446,logistic-p4-lbfgs-lr0.1-e300-r10-huber-cv,logistic,4,lbfgs,0.1,300,10,huber,aic,best_loss,True,2025-08-25T21:01:30.120490+00:00
4b9efdab79edf5958676ba38261124c507d3c7a2575222406c8c5c8661705b41,4b9efdab79ed,logistic-p4-lbfgs-lr0.1-e300-r10-huber-cv,logistic,4,lbfgs,0.1,300,10,huber,aic,best_loss,True,2025-08-25T21:02:46.667013+00:00
585824fff3a70ea969f62238203b3d68ccdf7b6498c996a3204f72c209a3b6ec,585824fff3a7,logistic-p4-lbfgs-lr0.1-e300-r10-huber-cv,logistic,4,lbfgs,0.1,300,10,huber,aic,best_loss,True,2025-08-25T21:03:17.736890+00:00
cc56f28e21ca3233585cad5208cf9d154a8896280d0e6792e98ff2f2ff42d69f,cc56f28e21ca,logistic-p5-lbfgs-lr0.1-e300-r10-huber-cv,logistic,5,lbfgs,0.1,300,10,huber,aic,best_loss,True,2025-08-25T21:04:50.616652+00:00
12ad7f29d69ba95b5ad509cd00b11f1cfe38252ba8a821a1e48fe7367a39cb96,12ad7f29d69b,logistic-p5-lbfgs-lr0.1-e300-r10-huber-cv,logistic,5,lbfgs,0.1,300,10,huber,aic,best_loss,True,2025-08-25T21:06:23.234791+00:00
6efe07350470699d72f9738b5b53f006489aaca876cf1977cf299e50bea3093a,6efe07350470,logistic-p5-lbfgs-lr0.1-e300-r10-huber-cv,logistic,5,lbfgs,0.1,300,10,huber,aic,best_loss,True,2025-08-25T21:07:41.874651+00:00
7fc60ad85adbe41e106144ee14c4c1a1ebd8737254340c027625676087d6a919,7fc60ad85adb,logistic-p5-lbfgs-lr0.1-e300-r10-huber-cv,logistic,5,lbfgs,0.1,300,10,huber,aic,best_loss,True,2025-08-25T21:08:44.904070+00:00
1d51b7b8fe5865f80aca099cf3dd50df919f15a7e781f3eaf5a1b11dcf209f39,1d51b7b8fe58,logistic-p5-lbfgs-lr0.1-e300-r10-huber-cv,logistic,5,lbfgs,0.1,300,10,huber,aic,best_loss,True,2025-08-25T21:09:05.289209+00:00
0ee2a5fcc9ff622d239a4e21738831661f6a5775ab427d0b0ff856a70f2e4fce,0ee2a5fcc9ff,logistic-p5-lbfgs-lr0.1-e300-r10-huber-cv,logistic,5,lbfgs,0.1,300,10,huber,aic,best_loss,True,2025-08-25T21:10:33.255479+00:00
e227182bd253eac35e1614e57820536aa43c07f9f786015530d5859adf2eb84b,e227182bd253,logistic-p5-lbfgs-lr0.1-e300-r10-huber-cv,logistic,5,lbfgs,0.1,300,10,huber,aic,best_loss,True,2025-08-25T21:11:55.036152+00:00
34e5fc88af6d2bb5d20ec88b9d9376336fdc44fc5e5e4440bd96ea7bf1940282,34e5fc88af6d,logistic-p5-lbfgs-lr0.1-e300-r10-huber-cv,logistic,5,lbfgs,0.1,300,10,huber,aic,best_loss,True,2025-08-25T21:13:20.943731+00:00
0c83befb03ae5100d8fcee33fa2f97a1077619e2b1acc9cdc8f7adbde677604d,0c83befb03ae,logistic-p5-lbfgs-lr0.1-e300-r10-huber-cv,logistic,5,lbfgs,0.1,300,10,huber,aic,best_loss,True,2025-08-25T21:14:37.914844+00:00
a4dff14334f323e0fa7bc851e39f7fbe5c32b877547d6c7d816d48c086fd26d1,a4dff14334f3,logistic-p5-lbfgs-lr0.1-e300-r10-huber-cv,logistic,5,lbfgs,0.1,300,10,huber,aic,best_loss,True,2025-08-25T21:16:04.605160+00:00
182fc6c8d77090bb8170f5c9a5a66df240f9ac0c54a85612a4b094b9fc03dc73,182fc6c8d770,logistic-p5-lbfgs-lr0.1-e300-r10-huber-cv,logistic,5,lbfgs,0.1,300,10,huber,aic,best_loss,True,2025-08-25T21:17:27.990973+00:00
e31d1973c01696d3d1f311c342bba52b68a927c18a09fe09c8ffd7386344b77d,e31d1973c016,logistic-p5-lbfgs-lr0.1-e300-r10-huber-cv,logistic,5,lbfgs,0.1,300,10,huber,aic,best_loss,True,2025-08-25T21:19:08.100368+00:00
f449455c1a4d9c01467961824c5178ce4d5a3f4a1ca8b97eb811aa80fbb7bdce,f449455c1a4d,logistic-p5-lbfgs-lr0.1-e300-r10-huber-cv,logistic,5,lbfgs,0.1,300,10,huber,aic,best_loss,True,2025-08-25T21:20:36.074672+00:00
14f545a6f687e2512e47ef6928f1e33f50b626d7e9a68b5fb244843a573fc17b,14f545a6f687,logistic-p5-lbfgs-lr0.1-e300-r10-huber-cv,logistic,5,lbfgs,0.1,300,10,huber,aic,best_loss,True,2025-08-25T21:22:09.235455+00:00
317bdbdd91578fc58fd372fca0e7fd65927544679a28a0491ffcb26ec391fc33,317bdbdd9157,logistic-p5-lbfgs-lr0.1-e300-r10-huber-cv,logistic,5,lbfgs,0.1,300,10,huber,aic,best_loss,True,2025-08-25T21:23:35.273363+00:00
5932a22379cc66f1da4d6f9531eb26840a7bcdad08dd770c8f95e1df2f3269e0,5932a22379cc,logistic-p5-lbfgs-lr0.1-e300-r10-huber-cv,logistic,5,lbfgs,0.1,300,10,huber,aic,best_loss,True,2025-08-25T21:24:08.103126+00:00
2a3b21f238f5cc6a8ffbd1a78f0b6c667573a52b33b70cf1fe4f364b68a2e4c3,2a3b21f238f5,logistic-p5-lbfgs-lr0.1-e300-r10-huber-cv,logistic,5,lbfgs,0.1,300,10,huber,aic,best_loss,True,2025-08-25T21:25:30.902972+00:00
db5a164ab469d197374512ae7e02498c8f9ea3ef0af16ec935041c972337a4d3,db5a164ab469,logistic-p5-lbfgs-lr0.1-e300-r10-huber-cv,logistic,5,lbfgs,0.1,300,10,huber,aic,best_loss,True,2025-08-25T21:26:55.615725+00:00
d6aae6595f830edbe0b718581d8e02e30fc6368770aa059b4685bd9139cd52d0,d6aae6595f83,logistic-p5-lbfgs-lr0.1-e300-r10-huber-cv,logistic,5,lbfgs,0.1,300,10,huber,aic,best_loss,True,2025-08-25T21:28:23.585753+00:00
d2039bdf2042bcedfab0a7c633a1707bae2d054dfbcedc193a24505ea80415a3,d2039bdf2042,logistic-p5-lbfgs-lr0.1-e300-r10-huber-cv,logistic,5,lbfgs,0.1,300,10,huber,aic,best_loss,True,2025-08-25T21:29:35.854626+00:00
b4738d48db70d58112af996c3523055ac73116d305bf41174e9a918bed2ff19d,b4738d48db70,logistic-p5-lbfgs-lr0.1-e300-r10-huber-cv,logistic,5,lbfgs,0.1,300,10,huber,aic,best_loss,True,2025-08-25T21:30:54.621635+00:00
9c70b995ed0b6840592804542ebf2d58d34b7af5046c7499bf544acd4761d09a,9c70b995ed0b,logistic-p5-lbfgs-lr0.1-e300-r10-huber-cv,logistic,5,lbfgs,0.1,300,10,huber,aic,best_loss,True,2025-08-25T21:31:19.418027+00:00
047a636fc4e24a7cbe0b6d1df03c5e8492b8d4a0f87fdbd99f2148d2706b511b,047a636fc4e2,logistic-p5-lbfgs-lr0.1-e300-r10-huber-cv,logistic,5,lbfgs,0.1,300,10,huber,aic,best_loss,True,2025-08-25T21:32:38.301785+00:00
2c319ed87f6d2734f5f0989b58430680c6a53b57c4c2c19820215cdcd86c6582,2c319ed87f6d,logistic-p5-lbfgs-lr0.1-e300-r10-huber-cv,logistic,5,lbfgs,0.1,300,10,huber,aic,best_loss,True,2025-08-25T21:34:08.285227+00:00
f3a7c17a7ae3125568634dffeb52cee0e04d64db50a2484f1c7d46fec4bc12bf,f3a7c17a7ae3,logistic-p5-lbfgs-lr0.1-e300-r10-huber-cv,logistic,5,lbfgs,0.1,300,10,huber,aic,best_loss,True,2025-08-25T21:35:20.240918+00:00
68cf9ef8a0a6cec66cb0908425c7ea815bffd5dba47837e54fbc3d8d294117d7,68cf9ef8a0a6,logistic-p5-lbfgs-lr0.1-e300-r10-huber-cv,logistic,5,lbfgs,0.1,300,10,huber,aic,best_loss,True,2025-08-25T21:36:28.340853+00:00
64ce533c797688f2bcb129d14b5b688bd56bc7904f63ce952625c4f487947007,64ce533c7976,logistic-p5-lbfgs-lr0.1-e300-r10-huber-cv,logistic,5,lbfgs,0.1,300,10,huber,aic,best_loss,True,2025-08-25T21:37:55.755354+00:00
34167ddb3dab808ae766b1fb0d535b5df70b36cf099a96cfce7436ae2cdcda07,34167ddb3dab,logistic-p5-lbfgs-lr0.1-e300-r10-huber-cv,logistic,5,lbfgs,0.1,300,10,huber,aic,best_loss,True,2025-08-25T21:39:17.611563+00:00
f189145c0547a8964065fc4a61ccea3a23a77005992a479406cc9acd93950237,f189145c0547,logistic-p5-lbfgs-lr0.1-e300-r10-huber-cv,logistic,5,lbfgs,0.1,300,10,huber,aic,best_loss,True,2025-08-25T21:41:01.349640+00:00
992dd65125f465fbdb5aa4d0f6d0d29cb1410a8da83ed8c8fe938f7707860641,992dd65125f4,logistic-p5-lbfgs-lr0.1-e300-r10-huber-cv,logistic,5,lbfgs,0.1,300,10,huber,aic,best_loss,True,2025-08-25T21:42:22.353486+00:00
c0a4f68bd81bc015a4c349ea5261a251fa577da886dc46ca099f60340fd10c77,c0a4f68bd81b,logistic-p5-lbfgs-lr0.1-e300-r10-huber-cv,logistic,5,lbfgs,0.1,300,10,huber,aic,best_loss,True,2025-08-25T21:43:59.717474+00:00
8647d5632bedb4a07b7d86643857bdeabad75bdc4fc901f6de64bdbeef9ece09,8647d5632bed,logistic-p5-lbfgs-lr0.1-e300-r10-huber-cv,logistic,5,lbfgs,0.1,300,10,huber,aic,best_loss,True,2025-08-25T21:45:25.693788+00:00
2d8950214186b5e5d7e89470f8f6c280923ecb5adb4beb5930a31d5d6d7c788a,2d8950214186,logistic-p5-lbfgs-lr0.1-e300-r10-huber-cv,logistic,5,lbfgs,0.1,300,10,huber,aic,best_loss,True,2025-08-25T21:46:55.171162+00:00
f428a085fc52dd6227873ae4d0b4992f60ca267ba9b1b1c9bf4289271d317931,f428a085fc52,logistic-p5-lbfgs-lr0.1-e300-r10-huber-cv,logistic,5,lbfgs,0.1,300,10,huber,aic,best_loss,True,2025-08-25T21:48:19.635967+00:00
94f96ed7913796a3412d15c3ddddc15c4aff4b34bba8277e1d8a260677ecefd5,94f96ed79137,logistic-p5-lbfgs-lr0.1-e300-r10-huber-cv,logistic,5,lbfgs,0.1,300,10,huber,aic,best_loss,True,2025-08-25T21:49:50.008636+00:00
14b38bcc24e24398647618b8ac27cd15cf3e4adf2d2e4d5b86c7eda434bf4ffd,14b38bcc24e2,logistic-p5-lbfgs-lr0.1-e300-r10-huber-cv,logistic,5,lbfgs,0.1,300,10,huber,aic,best_loss,True,2025-08-25T21:51:18.513827+00:00
3716ac9922e692962e4a7cfc8003adb270d8a642c091a947d4bcb396ada8d33a,3716ac9922e6,logistic-p5-lbfgs-lr0.1-e300-r10-huber-cv,logistic,5,lbfgs,0.1,300,10,huber,aic,best_loss,True,2025-08-25T21:52:41.231492+00:00
128cc40cc39918aab3d8a67e719a66abf561e7d0da70c1a635092794635b83ae,128cc40cc399,logistic-p5-lbfgs-lr0.1-e300-r10-huber-cv,logistic,5,lbfgs,0.1,300,10,huber,aic,best_loss,True,2025-08-25T21:54:23.936840+00:00
044226c0c5304e998601274fe5243912461efc40be256dcd5f87aab109b9f986,044226c0c530,logistic-p5-lbfgs-lr0.1-e300-r10-huber-cv,logistic,5,lbfgs,0.1,300,10,huber,aic,best_loss,True,2025-08-25T21:55:44.276472+00:00
778af8f81d038531f20bff392ab1157456e8d1431cd9af565b04c427ca6fadd1,778af8f81d03,logistic-p5-lbfgs-lr0.1-e300-r10-huber-cv,logistic,5,lbfgs,0.1,300,10,huber,aic,best_loss,True,2025-08-25T21:57:14.394447+00:00
e9c8674d721b0bec50389277ca6a90e821b86bf49c60b93ef1539c7231044e04,e9c8674d721b,logistic-p5-lbfgs-lr0.1-e300-r10-huber-cv,logistic,5,lbfgs,0.1,300,10,huber,aic,best_loss,True,2025-08-25T21:57:53.045974+00:00
9716f8c657ec72f7197a1516bd44da0a94d6d08660aff9fbf2803e98890442e1,9716f8c657ec,logistic-p5-lbfgs-lr0.1-e300-r10-huber-cv,logistic,5,lbfgs,0.1,300,10,huber,aic,best_loss,True,2025-08-25T21:58:52.610986+00:00
1640449baea3e48f34a0f9c249e5e5954395c42516c7fb818f388dea903337a3,1640449baea3,logistic-p5-lbfgs-lr0.1-e300-r10-huber-cv,logistic,5,lbfgs,0.1,300,10,huber,aic,best_loss,True,2025-08-25T22:00:12.879366+00:00
eb7a011ad413c8631011289c815fddd0a2cdb38513fe15773ae2068410253cd0,eb7a011ad413,logistic-p5-lbfgs-lr0.1-e300-r10-huber-cv,logistic,5,lbfgs,0.1,300,10,huber,aic,best_loss,True,2025-08-25T22:01:39.285688+00:00
c917e2e300197e93caa3d8d3a7268a868b10ecead7eb7a86293c5b8af94f9945,c917e2e30019,logistic-p5-lbfgs-lr0.1-e300-r10-huber-cv,logistic,5,lbfgs,0.1,300,10,huber,aic,best_loss,True,2025-08-25T22:03:07.938137+00:00
1664cad0decbf682a49bca5b37e9a347c34799927eb914b6eaaa9c037a0b05d3,1664cad0decb,logistic-p5-lbfgs-lr0.1-e300-r10-huber-cv,logistic,5,lbfgs,0.1,300,10,huber,aic,best_loss,True,2025-08-25T22:04:34.290200+00:00
b7795baf34f7381b1bfa42a61935d0186bba648254f3c007b084b3c14c2cdce9,b7795baf34f7,logistic-p5-lbfgs-lr0.1-e300-r10-huber-cv,logistic,5,lbfgs,0.1,300,10,huber,aic,best_loss,True,2025-08-25T22:05:54.437481+00:00
a4db16fabeef90fca86663b48891c8fa7e39a373e49f5d673e1f98709281b9ef,a4db16fabeef,logistic-p5-lbfgs-lr0.1-e300-r10-huber-cv,logistic,5,lbfgs,0.1,300,10,huber,aic,best_loss,True,2025-08-25T22:07:12.272854+00:00
be2a3e8fa04d2a8611fee50707f38059dae9a029801258f1f27eb887b0d65725,be2a3e8fa04d,logistic-p5-lbfgs-lr0.1-e300-r10-huber-cv,logistic,5,lbfgs,0.1,300,10,huber,aic,best_loss,True,2025-08-25T22:09:01.173492+00:00
6e467d4be1881f0de4f63b077c37ec4db76a264b3a0d6465ad9ffd137535b720,6e467d4be188,logistic-p5-lbfgs-lr0.1-e300-r10-huber-cv,logistic,5,lbfgs,0.1,300,10,huber,aic,best_loss,True,2025-08-25T22:10:03.563896+00:00
a9baa7b3d163c050ab923bb6fb6516411b5e828533f5ad467f9be37b21c5f1a6,a9baa7b3d163,logistic-p5-lbfgs-lr0.1-e300-r10-huber-cv,logistic,5,lbfgs,0.1,300,10,huber,aic,best_loss,True,2025-08-25T22:11:24.950629+00:00
7ce59767147298e35e1c67ae55bfc935d1ee6156baab79a2f2f9afa2c1c4ae2a,7ce597671472,logistic-p5-lbfgs-lr0.1-e300-r10-huber-cv,logistic,5,lbfgs,0.1,300,10,huber,aic,best_loss,True,2025-08-25T22:12:31.135061+00:00
7a95edd6db6ab2a4cb47ab78ab12ee34c74a28dec16ddbdf35acb232847c5275,7a95edd6db6a,logistic-p5-lbfgs-lr0.1-e300-r10-huber-cv,logistic,5,lbfgs,0.1,300,10,huber,aic,best_loss,True,2025-08-25T22:13:57.547170+00:00
957f27bb44ce61fa2f0cc708e0bffe04904f1b9e97c15799cce026b227ba4784,957f27bb44ce,logistic-p5-lbfgs-lr0.1-e300-r10-huber-cv,logistic,5,lbfgs,0.1,300,10,huber,aic,best_loss,True,2025-08-25T22:15:35.172945+00:00
35f58e18bcaed16fc2faaad9242753fe135a35c5dc1436f215554591d72629ab,35f58e18bcae,logistic-p5-lbfgs-lr0.1-e300-r10-huber-cv,logistic,5,lbfgs,0.1,300,10,huber,aic,best_loss,True,2025-08-25T22:16:45.890884+00:00
e974613d74d5de3538f35cff32f1764bf6cd00c1a4278a3be8d7fbdd05cc8e46,e974613d74d5,logistic-p5-lbfgs-lr0.1-e300-r10-huber-cv,logistic,5,lbfgs,0.1,300,10,huber,aic,best_loss,True,2025-08-25T22:17:38.125109+00:00
3d91557dab59e5c609d92145b7358fc2b60a6168d13be9bafbe193efee7074d2,3d91557dab59,noisy_or-p3-lbfgs-lr0.1-e300-r10-huber-cv,noisy_or,3,lbfgs,0.1,300,10,huber,aic,best_loss,True,2025-08-25T22:18:20.870449+00:00
86719444c0770bc1f85f4b7774e42f6b21c2072235103c3bad4bc599a0d2c619,86719444c077,noisy_or-p3-lbfgs-lr0.1-e300-r10-huber-cv,noisy_or,3,lbfgs,0.1,300,10,huber,aic,best_loss,True,2025-08-25T22:19:14.419325+00:00
359751dfdeb938b1861084b58e6001207c17776394eb0ab37c4644f81af9e0b1,359751dfdeb9,noisy_or-p3-lbfgs-lr0.1-e300-r10-huber-cv,noisy_or,3,lbfgs,0.1,300,10,huber,aic,best_loss,True,2025-08-25T22:19:57.639672+00:00
edb42272c60de96621c76eaefd3f3fd7ffc8bb02017c213a577a22f7c5d63f3c,edb42272c60d,noisy_or-p3-lbfgs-lr0.1-e300-r10-huber-cv,noisy_or,3,lbfgs,0.1,300,10,huber,aic,best_loss,True,2025-08-25T22:20:37.834723+00:00
007f1f489dda46f0b7c1cc417460f38d407ed3e714acaa4ccd1e92410b5337c4,007f1f489dda,noisy_or-p3-lbfgs-lr0.1-e300-r10-huber-cv,noisy_or,3,lbfgs,0.1,300,10,huber,aic,best_loss,True,2025-08-25T22:20:47.058804+00:00
c2bfc34372e3f2323c52caf312147c3cff0b9f4e319326fa57e956f4a496e1e0,c2bfc34372e3,noisy_or-p3-lbfgs-lr0.1-e300-r10-huber-cv,noisy_or,3,lbfgs,0.1,300,10,huber,aic,best_loss,True,2025-08-25T22:21:33.166209+00:00
8452808b5801c80463faac844aa5227ae05871888e9c3d25bbf96384b974e71f,8452808b5801,noisy_or-p3-lbfgs-lr0.1-e300-r10-huber-cv,noisy_or,3,lbfgs,0.1,300,10,huber,aic,best_loss,True,2025-08-25T22:22:24.594586+00:00
7fe4c15dc424668ddbb0c668ee21e81175654fbed906678689856556ad6424ca,7fe4c15dc424,noisy_or-p3-lbfgs-lr0.1-e300-r10-huber-cv,noisy_or,3,lbfgs,0.1,300,10,huber,aic,best_loss,True,2025-08-25T22:23:49.212624+00:00
d8a5cb6cb9f7264657dc6a60c099d1670990c4959b79e83aa0b3e1c58585a07e,d8a5cb6cb9f7,noisy_or-p3-lbfgs-lr0.1-e300-r10-huber-cv,noisy_or,3,lbfgs,0.1,300,10,huber,aic,best_loss,True,2025-08-25T22:24:39.954827+00:00
e178c9df6f8ae8afd8725fefe44e1168ed4ad1cb45df59acd391b6aa9e1935e8,e178c9df6f8a,noisy_or-p3-lbfgs-lr0.1-e300-r10-huber-cv,noisy_or,3,lbfgs,0.1,300,10,huber,aic,best_loss,True,2025-08-25T22:26:26.597122+00:00
e66a2f91f3855d5684d250f285d39abebe7c4cd64f728cd48f4439fb03f6eab7,e66a2f91f385,noisy_or-p3-lbfgs-lr0.1-e300-r10-huber-cv,noisy_or,3,lbfgs,0.1,300,10,huber,aic,best_loss,True,2025-08-25T22:27:15.115347+00:00
001de081fbd92eb7e9637da97d19aa77f118fbb1a3a2165c13868fc9d6aa67bf,001de081fbd9,noisy_or-p3-lbfgs-lr0.1-e300-r10-huber-cv,noisy_or,3,lbfgs,0.1,300,10,huber,aic,best_loss,True,2025-08-25T22:28:02.758521+00:00
24fcfe942fc5e65730413a84e79393358cf1f369566a5ae83a41d305bd2b9777,24fcfe942fc5,noisy_or-p3-lbfgs-lr0.1-e300-r10-huber-cv,noisy_or,3,lbfgs,0.1,300,10,huber,aic,best_loss,True,2025-08-25T22:29:01.299400+00:00
2f8eec747e7edd5ac4ae1d50b2bfa46c7692af7e35095676543eb81bea80e30e,2f8eec747e7e,noisy_or-p3-lbfgs-lr0.1-e300-r10-huber-cv,noisy_or,3,lbfgs,0.1,300,10,huber,aic,best_loss,True,2025-08-25T22:29:50.629431+00:00
4a720387745c9e181b582c6c62811a319011bb47d3423a8b103d5c6b191008e7,4a720387745c,noisy_or-p3-lbfgs-lr0.1-e300-r10-huber-cv,noisy_or,3,lbfgs,0.1,300,10,huber,aic,best_loss,True,2025-08-25T22:30:39.755820+00:00
46645bcc21b4dc54f7fcb92b1999d30a5ce4decfbb56ddfe6103b0a85997b4e2,46645bcc21b4,noisy_or-p3-lbfgs-lr0.1-e300-r10-huber-cv,noisy_or,3,lbfgs,0.1,300,10,huber,aic,best_loss,True,2025-08-25T22:30:56.982046+00:00
1c0f461ce0d313c2f9015890c198639620fd5c7cbf839fb3609075baefc3e2c4,1c0f461ce0d3,noisy_or-p3-lbfgs-lr0.1-e300-r10-huber-cv,noisy_or,3,lbfgs,0.1,300,10,huber,aic,best_loss,True,2025-08-25T22:31:45.180554+00:00
fcdd35c1879e21113dbc6ead408c67bf85fcb1faacea6489c0927ed316fdf42f,fcdd35c1879e,noisy_or-p3-lbfgs-lr0.1-e300-r10-huber-cv,noisy_or,3,lbfgs,0.1,300,10,huber,aic,best_loss,True,2025-08-25T22:32:21.720253+00:00
d9cdf938761ebf35a6e60864e1062bbfac3840ea7ddf2c4051795c4d9b11099b,d9cdf938761e,noisy_or-p3-lbfgs-lr0.1-e300-r10-huber-cv,noisy_or,3,lbfgs,0.1,300,10,huber,aic,best_loss,True,2025-08-25T22:33:38.743979+00:00
0910af99766553e57c88ba4b9a6ff958a2c50447b737186f0d5049f45ed62bad,0910af997665,noisy_or-p3-lbfgs-lr0.1-e300-r10-huber-cv,noisy_or,3,lbfgs,0.1,300,10,huber,aic,best_loss,True,2025-08-25T22:34:20.974293+00:00
e827cbfb76fc7308d073c1e6690f42bc461dae3cd9862bf988c83eef135ae1dc,e827cbfb76fc,noisy_or-p3-lbfgs-lr0.1-e300-r10-huber-cv,noisy_or,3,lbfgs,0.1,300,10,huber,aic,best_loss,True,2025-08-25T22:35:03.205697+00:00
31f16d832eca037db02d55fb9c15ced9711af8717c7f8099ffb17084b1d54138,31f16d832eca,noisy_or-p3-lbfgs-lr0.1-e300-r10-huber-cv,noisy_or,3,lbfgs,0.1,300,10,huber,aic,best_loss,True,2025-08-25T22:35:16.816461+00:00
a9d940732240bddc432ecba885fc793946554db4105093919f7b584e8dc9397c,a9d940732240,noisy_or-p3-lbfgs-lr0.1-e300-r10-huber-cv,noisy_or,3,lbfgs,0.1,300,10,huber,aic,best_loss,True,2025-08-25T22:36:02.504697+00:00
1f2752f9439c66610dc9ed6f3b578d532bd26f551529334aca486ee43366b110,1f2752f9439c,noisy_or-p3-lbfgs-lr0.1-e300-r10-huber-cv,noisy_or,3,lbfgs,0.1,300,10,huber,aic,best_loss,True,2025-08-25T22:36:47.997104+00:00
4578be690e2275b946138415a0e6414df1bdc9dd37b83c342c0cf290d5b53ec8,4578be690e22,noisy_or-p3-lbfgs-lr0.1-e300-r10-huber-cv,noisy_or,3,lbfgs,0.1,300,10,huber,aic,best_loss,True,2025-08-25T22:38:24.824507+00:00
5f546a667c6fe21f3cd2e04e79ea36c3ccaa2aada460af93e8e933c873c2ac5f,5f546a667c6f,noisy_or-p3-lbfgs-lr0.1-e300-r10-huber-cv,noisy_or,3,lbfgs,0.1,300,10,huber,aic,best_loss,True,2025-08-25T22:39:07.560165+00:00
d90bb94283201d50e86d1ece9843f0a136922098a1604c0e0014bf5a21f8cd21,d90bb9428320,noisy_or-p3-lbfgs-lr0.1-e300-r10-huber-cv,noisy_or,3,lbfgs,0.1,300,10,huber,aic,best_loss,True,2025-08-25T22:40:57.709624+00:00
52f033aca93294820a6e8a99c3d95947ba24ef44f9ffcda000f641d55b331f93,52f033aca932,noisy_or-p3-lbfgs-lr0.1-e300-r10-huber-cv,noisy_or,3,lbfgs,0.1,300,10,huber,aic,best_loss,True,2025-08-25T22:41:43.521430+00:00
67b47c872ca8cdcfa5e7874bd23ccebf51d3882b868cbc3461cc92847ecc4b1d,67b47c872ca8,noisy_or-p3-lbfgs-lr0.1-e300-r10-huber-cv,noisy_or,3,lbfgs,0.1,300,10,huber,aic,best_loss,True,2025-08-25T22:42:37.237046+00:00
acad881199f55a8156fe97b368415bf520ad0faa4e2d0681db03cb7651191fed,acad881199f5,noisy_or-p3-lbfgs-lr0.1-e300-r10-huber-cv,noisy_or,3,lbfgs,0.1,300,10,huber,aic,best_loss,True,2025-08-25T22:43:34.590030+00:00
84035f4258ee57f95a3fb54825fe79437da807c61e0ceab2c1faf002e6e40f5d,84035f4258ee,noisy_or-p3-lbfgs-lr0.1-e300-r10-huber-cv,noisy_or,3,lbfgs,0.1,300,10,huber,aic,best_loss,True,2025-08-25T22:44:23.338506+00:00
2ec8d165a7e2aa9fd8f3a81c7ecb4414648f311bb6868fc85668081ff56f31e5,2ec8d165a7e2,noisy_or-p3-lbfgs-lr0.1-e300-r10-huber-cv,noisy_or,3,lbfgs,0.1,300,10,huber,aic,best_loss,True,2025-08-25T22:45:45.092179+00:00
fd362723f206b5d6aba9ff746c60df3ddd457cbe8400fc569f692cbe7b11bf56,fd362723f206,noisy_or-p3-lbfgs-lr0.1-e300-r10-huber-cv,noisy_or,3,lbfgs,0.1,300,10,huber,aic,best_loss,True,2025-08-25T22:46:57.333071+00:00
5e0f2b1803c74d2f7912da5af598481322da19ab9095d07b78ba45c7903d8172,5e0f2b1803c7,noisy_or-p3-lbfgs-lr0.1-e300-r10-huber-cv,noisy_or,3,lbfgs,0.1,300,10,huber,aic,best_loss,True,2025-08-25T22:47:55.850065+00:00
59081665a92acb546152ff895c23d2b5355f5d7f1f27a9e2d3e9c1c99d3a4aa7,59081665a92a,noisy_or-p3-lbfgs-lr0.1-e300-r10-huber-cv,noisy_or,3,lbfgs,0.1,300,10,huber,aic,best_loss,True,2025-08-25T22:48:48.985430+00:00
e7cf02045b01dbb1de3bc0d1fe213ed2f2e5d6080bc0576b87d5a645aa2f5429,e7cf02045b01,noisy_or-p3-lbfgs-lr0.1-e300-r10-huber-cv,noisy_or,3,lbfgs,0.1,300,10,huber,aic,best_loss,True,2025-08-25T22:49:55.407102+00:00
3fb013440eb7a9819fb03093a242b65e10d7e0bc097ca0d4521c34d032732781,3fb013440eb7,noisy_or-p3-lbfgs-lr0.1-e300-r10-huber-cv,noisy_or,3,lbfgs,0.1,300,10,huber,aic,best_loss,True,2025-08-25T22:50:33.764103+00:00
c495471bfd9cfcd4f43daaa2d3c7fa7125f692c7cc11fcfcdb3ae98dee943c5b,c495471bfd9c,noisy_or-p3-lbfgs-lr0.1-e300-r10-huber-cv,noisy_or,3,lbfgs,0.1,300,10,huber,aic,best_loss,True,2025-08-25T22:51:36.770733+00:00
ac75b4a6ad6a2061446415736ca0b57647b00371ef5c3894a25a8551c741cf9f,ac75b4a6ad6a,noisy_or-p3-lbfgs-lr0.1-e300-r10-huber-cv,noisy_or,3,lbfgs,0.1,300,10,huber,aic,best_loss,True,2025-08-25T22:52:18.966719+00:00
4dbf55f313ca4ba16b99f39bbd4dbb67610ae35eaabda004aef1ce5feb6f23ea,4dbf55f313ca,noisy_or-p3-lbfgs-lr0.1-e300-r10-huber-cv,noisy_or,3,lbfgs,0.1,300,10,huber,aic,best_loss,True,2025-08-25T22:53:01.121531+00:00
8e78795d69ee4bb90d5e3c6aa2a59e22f36ff244b9863986076f6cdddf5dc8de,8e78795d69ee,noisy_or-p3-lbfgs-lr0.1-e300-r10-huber-cv,noisy_or,3,lbfgs,0.1,300,10,huber,aic,best_loss,True,2025-08-25T22:53:20.472018+00:00
c2d5cc4d7b43d1254c9048bc215072b0d9c59049dcdcb623d2d989f4bd7f45e6,c2d5cc4d7b43,noisy_or-p3-lbfgs-lr0.1-e300-r10-huber-cv,noisy_or,3,lbfgs,0.1,300,10,huber,aic,best_loss,True,2025-08-25T22:54:04.501397+00:00
63ad336a4348dd65a0ca6d34131528779af9e755d8807f800fc6ee670eb57b2e,63ad336a4348,noisy_or-p3-lbfgs-lr0.1-e300-r10-huber-cv,noisy_or,3,lbfgs,0.1,300,10,huber,aic,best_loss,True,2025-08-25T22:54:49.348244+00:00
bf256b060cbf77edde5a99fde3532a632c31c38b16bda12e510b26d86208a604,bf256b060cbf,noisy_or-p3-lbfgs-lr0.1-e300-r10-huber-cv,noisy_or,3,lbfgs,0.1,300,10,huber,aic,best_loss,True,2025-08-25T22:56:21.315085+00:00
ac3dd03710c6347d64a32e3cfd2176c384217931ddbbd421d170f9a6b87e9101,ac3dd03710c6,noisy_or-p3-lbfgs-lr0.1-e300-r10-huber-cv,noisy_or,3,lbfgs,0.1,300,10,huber,aic,best_loss,True,2025-08-25T22:57:03.679272+00:00
3431938c2a66612c56a4c298ccdb90b25c2729cec6020d59c4edd94dc0070799,3431938c2a66,noisy_or-p3-lbfgs-lr0.1-e300-r10-huber-cv,noisy_or,3,lbfgs,0.1,300,10,huber,aic,best_loss,True,2025-08-25T22:58:29.789606+00:00
523d7614ed646ad3e4cbd9d90a4e95e309fa07325f4bac7df3a95c3b52b3f4ef,523d7614ed64,noisy_or-p3-lbfgs-lr0.1-e300-r10-huber-cv,noisy_or,3,lbfgs,0.1,300,10,huber,aic,best_loss,True,2025-08-25T22:59:17.840648+00:00
b179e3155b70ce5713aaf0c9727b2a3700beedfdf0cb1b39fd14c6effcaaa72d,b179e3155b70,noisy_or-p3-lbfgs-lr0.1-e300-r10-huber-cv,noisy_or,3,lbfgs,0.1,300,10,huber,aic,best_loss,True,2025-08-25T23:00:11.496397+00:00
3a8c0b1698715257995bd96c6bb5d313e88de4f498cc6e3960395911d2a60ea9,3a8c0b169871,noisy_or-p3-lbfgs-lr0.1-e300-r10-huber-cv,noisy_or,3,lbfgs,0.1,300,10,huber,aic,best_loss,True,2025-08-25T23:00:58.786257+00:00
13e1f51a1e0cfced7b42aed595baed385e495daf163875d1dbcf07fa5ce11e11,13e1f51a1e0c,noisy_or-p3-lbfgs-lr0.1-e300-r10-huber-cv,noisy_or,3,lbfgs,0.1,300,10,huber,aic,best_loss,True,2025-08-25T23:01:41.805981+00:00
3c92be2389be8cac37a3e6b25139e6b05eb4fdcbe8307702fc020dcf749a703d,3c92be2389be,noisy_or-p3-lbfgs-lr0.1-e300-r10-huber-cv,noisy_or,3,lbfgs,0.1,300,10,huber,aic,best_loss,True,2025-08-25T23:02:31.818696+00:00
2f9e4714c295e6d981891212e1d7d13c04c6d4d5ac0e2a4b2feb1c4f17c7c8c6,2f9e4714c295,noisy_or-p3-lbfgs-lr0.1-e300-r10-huber-cv,noisy_or,3,lbfgs,0.1,300,10,huber,aic,best_loss,True,2025-08-25T23:03:31.606441+00:00
e2514e83f79be51968ca4cbeb812fe686c6da915142471a1bc43ee4197054ac0,e2514e83f79b,noisy_or-p3-lbfgs-lr0.1-e300-r10-huber-cv,noisy_or,3,lbfgs,0.1,300,10,huber,aic,best_loss,True,2025-08-25T23:04:22.433168+00:00
952243b3ddc496cfc99befe2f9c7e4f2dc64043a68f05bc5dd759dbf81f1ccc3,952243b3ddc4,noisy_or-p3-lbfgs-lr0.1-e300-r10-huber-cv,noisy_or,3,lbfgs,0.1,300,10,huber,aic,best_loss,True,2025-08-25T23:05:12.538021+00:00
801b8651188d927665063d7814ef64f7d05ab814bd64ea0e9b260fe3aaecca22,801b8651188d,noisy_or-p3-lbfgs-lr0.1-e300-r10-huber-cv,noisy_or,3,lbfgs,0.1,300,10,huber,aic,best_loss,True,2025-08-25T23:06:12.367504+00:00
dbebd65ffd621fcce7102ea129f1c65013867488dc0c9956c57bc49d12180050,dbebd65ffd62,noisy_or-p3-lbfgs-lr0.1-e300-r10-huber-cv,noisy_or,3,lbfgs,0.1,300,10,huber,aic,best_loss,True,2025-08-25T23:06:53.906527+00:00
45d25dbaf4bc7e1428e05e26f263c411e742408a22e8bf3d0c9afc4fb72391a7,45d25dbaf4bc,noisy_or-p4-lbfgs-lr0.1-e300-r10-huber-cv,noisy_or,4,lbfgs,0.1,300,10,huber,aic,best_loss,True,2025-08-25T23:07:50.042354+00:00
d1264a4261211c0aa72b0a72ce92ef5f7645004c8a844b34c35a94bf18ec5302,d1264a426121,noisy_or-p4-lbfgs-lr0.1-e300-r10-huber-cv,noisy_or,4,lbfgs,0.1,300,10,huber,aic,best_loss,True,2025-08-25T23:08:59.676013+00:00
2f89ed670a829974469e34aef32c06f9d5ce30e76786f2a33aceb40a457978f8,2f89ed670a82,noisy_or-p4-lbfgs-lr0.1-e300-r10-huber-cv,noisy_or,4,lbfgs,0.1,300,10,huber,aic,best_loss,True,2025-08-25T23:10:00.724554+00:00
a5588a98fd4c451e288e6ddafdd447eab83029c854ab9a106cdf7ae111266301,a5588a98fd4c,noisy_or-p4-lbfgs-lr0.1-e300-r10-huber-cv,noisy_or,4,lbfgs,0.1,300,10,huber,aic,best_loss,True,2025-08-25T23:10:56.726017+00:00
178bf5479fcfec07ab36e0d5fe496618aa0477d95664e52d66ba88659ea38137,178bf5479fcf,noisy_or-p4-lbfgs-lr0.1-e300-r10-huber-cv,noisy_or,4,lbfgs,0.1,300,10,huber,aic,best_loss,True,2025-08-25T23:11:12.022462+00:00
4007439809faf6fb252b3f7ee13ac0044faef10f86f7f4d205208878b4642bf2,4007439809fa,noisy_or-p4-lbfgs-lr0.1-e300-r10-huber-cv,noisy_or,4,lbfgs,0.1,300,10,huber,aic,best_loss,True,2025-08-25T23:12:13.856064+00:00
8686fdb735c5029c2fc461d5bf3dbd8b8e717fb7697343f5c9438bd16b5b1474,8686fdb735c5,noisy_or-p4-lbfgs-lr0.1-e300-r10-huber-cv,noisy_or,4,lbfgs,0.1,300,10,huber,aic,best_loss,True,2025-08-25T23:13:11.103693+00:00
4614be639a74e10b77857c8298891bf04a2b28cab240265e2b87e55ee6053ce7,4614be639a74,noisy_or-p4-lbfgs-lr0.1-e300-r10-huber-cv,noisy_or,4,lbfgs,0.1,300,10,huber,aic,best_loss,True,2025-08-25T23:14:54.565755+00:00
115186bce9c26daf74ae3d9cdf845ad4917aa297a70d108da4cdcb05e08e2483,115186bce9c2,noisy_or-p4-lbfgs-lr0.1-e300-r10-huber-cv,noisy_or,4,lbfgs,0.1,300,10,huber,aic,best_loss,True,2025-08-25T23:16:03.503828+00:00
8844ad81bd6d77f78b18b6a4ccf4f9b5ac1d2242064df4dc67dc357c4853ac0e,8844ad81bd6d,noisy_or-p4-lbfgs-lr0.1-e300-r10-huber-cv,noisy_or,4,lbfgs,0.1,300,10,huber,aic,best_loss,True,2025-08-25T23:19:52.092341+00:00
a3878de7049fbe286157c3620f2cf7cac5eb8a43880b57b3b1176afe38a8fdbc,a3878de7049f,noisy_or-p4-lbfgs-lr0.1-e300-r10-huber-cv,noisy_or,4,lbfgs,0.1,300,10,huber,aic,best_loss,True,2025-08-25T23:20:53.565095+00:00
8d79a3910494c2f6da79b4a5828a09f0d0a23c63ff78d3ccd8ea48a0a9a12adb,8d79a3910494,noisy_or-p4-lbfgs-lr0.1-e300-r10-huber-cv,noisy_or,4,lbfgs,0.1,300,10,huber,aic,best_loss,True,2025-08-25T23:21:56.100037+00:00
9f1c98177a7a5af464ac88fe98ba3105061c00ab0c12d5450056290b18ffdf01,9f1c98177a7a,noisy_or-p4-lbfgs-lr0.1-e300-r10-huber-cv,noisy_or,4,lbfgs,0.1,300,10,huber,aic,best_loss,True,2025-08-25T23:23:15.315301+00:00
b7889a5bfcaeb2361db04f9bd8d9e7dd02cd9be9fd2036bff0fd794e0d304b41,b7889a5bfcae,noisy_or-p4-lbfgs-lr0.1-e300-r10-huber-cv,noisy_or,4,lbfgs,0.1,300,10,huber,aic,best_loss,True,2025-08-25T23:24:26.210799+00:00
d4044d73f6c0e35e6f90cbc1b2bca3a3ae130a45d88fcc8086f17ad307887a85,d4044d73f6c0,noisy_or-p4-lbfgs-lr0.1-e300-r10-huber-cv,noisy_or,4,lbfgs,0.1,300,10,huber,aic,best_loss,True,2025-08-25T23:25:39.389216+00:00
7c402c504aa24a4820523c52fc2502f5e95b254affcfb1ae4519b88867600f57,7c402c504aa2,noisy_or-p4-lbfgs-lr0.1-e300-r10-huber-cv,noisy_or,4,lbfgs,0.1,300,10,huber,aic,best_loss,True,2025-08-25T23:26:02.417248+00:00
85439e737b0838e9ac6a0262dbfd2bc699413b1b5f6acadfaa64f16cdc4607e2,85439e737b08,noisy_or-p4-lbfgs-lr0.1-e300-r10-huber-cv,noisy_or,4,lbfgs,0.1,300,10,huber,aic,best_loss,True,2025-08-25T23:27:13.398405+00:00
5307f1709aea27b6e34e02b6af691a5ef1869db0bb046725a049df9d070062b2,5307f1709aea,noisy_or-p4-lbfgs-lr0.1-e300-r10-huber-cv,noisy_or,4,lbfgs,0.1,300,10,huber,aic,best_loss,True,2025-08-25T23:28:11.102457+00:00
e97140851fd2f9f6276703fe5d6bf065af7763493cfcc1181141b13b3dfcfbee,e97140851fd2,noisy_or-p4-lbfgs-lr0.1-e300-r10-huber-cv,noisy_or,4,lbfgs,0.1,300,10,huber,aic,best_loss,True,2025-08-25T23:29:44.151796+00:00
abdb8d2916a7eed6dfdfa255169be26e36d2857fbc351a1e1e8b575650f3ede2,abdb8d2916a7,noisy_or-p4-lbfgs-lr0.1-e300-r10-huber-cv,noisy_or,4,lbfgs,0.1,300,10,huber,aic,best_loss,True,2025-08-25T23:30:47.115512+00:00
4835ae19b610390998bffafacafedcf07dbd94ea8e14df81455dd08b687d6720,4835ae19b610,noisy_or-p4-lbfgs-lr0.1-e300-r10-huber-cv,noisy_or,4,lbfgs,0.1,300,10,huber,aic,best_loss,True,2025-08-25T23:31:47.118639+00:00
7cb2c3f244dd8ed91a24a771f77318da8b3d85f1086296d65eff4474c3d1fa82,7cb2c3f244dd,noisy_or-p4-lbfgs-lr0.1-e300-r10-huber-cv,noisy_or,4,lbfgs,0.1,300,10,huber,aic,best_loss,True,2025-08-25T23:32:05.271092+00:00
f271ee014f80cdce8c9769b4e06f49d9a187d1a378555aec7dc196d3a7228e2a,f271ee014f80,noisy_or-p4-lbfgs-lr0.1-e300-r10-huber-cv,noisy_or,4,lbfgs,0.1,300,10,huber,aic,best_loss,True,2025-08-25T23:33:06.137011+00:00
4762d6dfbd4c6d3942b97fb2d0b5ed7cbccb830f76d4ccb2f844dc72b16de804,4762d6dfbd4c,noisy_or-p4-lbfgs-lr0.1-e300-r10-huber-cv,noisy_or,4,lbfgs,0.1,300,10,huber,aic,best_loss,True,2025-08-25T23:33:57.224350+00:00
6f0d1ebed0dce4b0a25fe1be3485e2204be2232ae1937930ff284cf6778549a1,6f0d1ebed0dc,noisy_or-p4-lbfgs-lr0.1-e300-r10-huber-cv,noisy_or,4,lbfgs,0.1,300,10,huber,aic,best_loss,True,2025-08-25T23:35:32.340995+00:00
0c1ddb108076e46b8e5594c1ec0a7af3fc3b9b1d9731ee3a042d8336a37ce91d,0c1ddb108076,noisy_or-p4-lbfgs-lr0.1-e300-r10-huber-cv,noisy_or,4,lbfgs,0.1,300,10,huber,aic,best_loss,True,2025-08-25T23:36:41.139407+00:00
145b20c884ed94d49fb1cf3867c022a9ada17fd4a6868f1b6c7ebbe662817a0b,145b20c884ed,noisy_or-p4-lbfgs-lr0.1-e300-r10-huber-cv,noisy_or,4,lbfgs,0.1,300,10,huber,aic,best_loss,True,2025-08-25T23:38:37.614406+00:00
a18fdd7437dde3b58bedb53efc2a4348231f0368385d52a41ab2e775b1a1ce7e,a18fdd7437dd,noisy_or-p4-lbfgs-lr0.1-e300-r10-huber-cv,noisy_or,4,lbfgs,0.1,300,10,huber,aic,best_loss,True,2025-08-25T23:39:52.331295+00:00
017908a2a8dd3803cdca05ba322ae0435d9d1f33b77619b19c50f9f9f36064bd,017908a2a8dd,noisy_or-p4-lbfgs-lr0.1-e300-r10-huber-cv,noisy_or,4,lbfgs,0.1,300,10,huber,aic,best_loss,True,2025-08-25T23:41:05.394620+00:00
0a7e42c3f53e5d2b6bac4e4f687a36220b12814f9239bf8dd169feb9cc7c2606,0a7e42c3f53e,noisy_or-p4-lbfgs-lr0.1-e300-r10-huber-cv,noisy_or,4,lbfgs,0.1,300,10,huber,aic,best_loss,True,2025-08-25T23:42:35.654075+00:00
7b64283ca808cc42f155564197623278138809882bb97765ce6666647b385290,7b64283ca808,noisy_or-p4-lbfgs-lr0.1-e300-r10-huber-cv,noisy_or,4,lbfgs,0.1,300,10,huber,aic,best_loss,True,2025-08-25T23:43:47.933448+00:00
c0d8c3622b6f4c2a9afa2e7f0f875bce780941e809fa0b07270f257b4e7f4506,c0d8c3622b6f,noisy_or-p4-lbfgs-lr0.1-e300-r10-huber-cv,noisy_or,4,lbfgs,0.1,300,10,huber,aic,best_loss,True,2025-08-25T23:45:28.863648+00:00
ceabbabc085b1e8756268389fb33d25fdec36b53da0a92f3841fbe9467626ba3,ceabbabc085b,noisy_or-p4-lbfgs-lr0.1-e300-r10-huber-cv,noisy_or,4,lbfgs,0.1,300,10,huber,aic,best_loss,True,2025-08-25T23:47:02.124049+00:00
13355ab824a8b19fa31a468262bdde46c4e5e456e9a0a2c870522b394c0d4d4c,13355ab824a8,noisy_or-p4-lbfgs-lr0.1-e300-r10-huber-cv,noisy_or,4,lbfgs,0.1,300,10,huber,aic,best_loss,True,2025-08-25T23:48:25.924407+00:00
1116d5c53e64d1a8b4a7c762c8d28a42376cdb782651c80fdc365ec1ba3bce8c,1116d5c53e64,noisy_or-p4-lbfgs-lr0.1-e300-r10-huber-cv,noisy_or,4,lbfgs,0.1,300,10,huber,aic,best_loss,True,2025-08-25T23:49:45.768862+00:00
6ea89a697cd0e4b9ed0cb861b9db21b239522a3f30cea1a26ea0704ef8507805,6ea89a697cd0,noisy_or-p4-lbfgs-lr0.1-e300-r10-huber-cv,noisy_or,4,lbfgs,0.1,300,10,huber,aic,best_loss,True,2025-08-25T23:51:11.270644+00:00
17a5626f95196d73b41529b27c0347d681a8178e843b04267b287249e3bbf2ff,17a5626f9519,noisy_or-p4-lbfgs-lr0.1-e300-r10-huber-cv,noisy_or,4,lbfgs,0.1,300,10,huber,aic,best_loss,True,2025-08-25T23:52:07.669380+00:00
a2d654ae6dc9a2d1924e8b20fa130ba5dd555cea07ed1b367d265948a4884e8b,a2d654ae6dc9,noisy_or-p4-lbfgs-lr0.1-e300-r10-huber-cv,noisy_or,4,lbfgs,0.1,300,10,huber,aic,best_loss,True,2025-08-25T23:53:25.655783+00:00
dfc319bd8db85e2460da786b5e9a185f1b1aa79b66b6861c4f275f777ab65090,dfc319bd8db8,noisy_or-p4-lbfgs-lr0.1-e300-r10-huber-cv,noisy_or,4,lbfgs,0.1,300,10,huber,aic,best_loss,True,2025-08-25T23:54:27.282030+00:00
12c9027d47313088a6666c6332d2baf5ec2f2f57b676022a311fb90537bd63bd,12c9027d4731,noisy_or-p4-lbfgs-lr0.1-e300-r10-huber-cv,noisy_or,4,lbfgs,0.1,300,10,huber,aic,best_loss,True,2025-08-25T23:55:17.253846+00:00
fef1642dd6a743d815081241b8cbc9493ca91e02d6b816df9f3576baf8876093,fef1642dd6a7,noisy_or-p4-lbfgs-lr0.1-e300-r10-huber-cv,noisy_or,4,lbfgs,0.1,300,10,huber,aic,best_loss,True,2025-08-25T23:55:40.592743+00:00
9e76c9210f621b555123b3f649ec0a732e1a644276d6d1a39d48129c34aa4f9f,9e76c9210f62,noisy_or-p4-lbfgs-lr0.1-e300-r10-huber-cv,noisy_or,4,lbfgs,0.1,300,10,huber,aic,best_loss,True,2025-08-25T23:56:42.373736+00:00
60ddf032738caa4cee4a1501ddb581b20f5e92620acd303029416c5fc1773962,60ddf032738c,noisy_or-p4-lbfgs-lr0.1-e300-r10-huber-cv,noisy_or,4,lbfgs,0.1,300,10,huber,aic,best_loss,True,2025-08-25T23:57:31.683398+00:00
9e6f47819183d86940bc0342e4675547bbc491eb9cd776bf64e0ea71ef61a4e7,9e6f47819183,noisy_or-p4-lbfgs-lr0.1-e300-r10-huber-cv,noisy_or,4,lbfgs,0.1,300,10,huber,aic,best_loss,True,2025-08-25T23:59:14.074584+00:00
82d86517583a003c68c666f9224b6ab9c02cf465810ed323c7149329a8f499b0,82d86517583a,noisy_or-p4-lbfgs-lr0.1-e300-r10-huber-cv,noisy_or,4,lbfgs,0.1,300,10,huber,aic,best_loss,True,2025-08-26T00:00:12.179644+00:00
a9a5b2ac6febbd7061540cd8248bdc998c0b0a06756116b2f59d6520893b25ef,a9a5b2ac6feb,noisy_or-p4-lbfgs-lr0.1-e300-r10-huber-cv,noisy_or,4,lbfgs,0.1,300,10,huber,aic,best_loss,True,2025-08-26T00:02:29.263308+00:00
df82030b8adf3ed57a18391f56d1ec073ce57ad06fd48d5cf55f9c28899bb7c5,df82030b8adf,noisy_or-p4-lbfgs-lr0.1-e300-r10-huber-cv,noisy_or,4,lbfgs,0.1,300,10,huber,aic,best_loss,True,2025-08-26T00:03:25.742024+00:00
489142b46a7b845f415734968c844c54863ded3e07293185119bb2798fd9acc8,489142b46a7b,noisy_or-p4-lbfgs-lr0.1-e300-r10-huber-cv,noisy_or,4,lbfgs,0.1,300,10,huber,aic,best_loss,True,2025-08-26T00:04:38.664074+00:00
665fa6ca44475584dcbcca6e0632e5bbba1e7d3cca268c92002909c0a6791629,665fa6ca4447,noisy_or-p4-lbfgs-lr0.1-e300-r10-huber-cv,noisy_or,4,lbfgs,0.1,300,10,huber,aic,best_loss,True,2025-08-26T00:05:39.188073+00:00
232f286fcb86d719b2c5d857b4209a423d70e06bbefb0673bc7b7959d1e13be0,232f286fcb86,noisy_or-p4-lbfgs-lr0.1-e300-r10-huber-cv,noisy_or,4,lbfgs,0.1,300,10,huber,aic,best_loss,True,2025-08-26T00:06:28.360450+00:00
5b8d8778a9a8f1c9dc5b3cafda34ad1e658dae37cc33795a788e2dd0963168ca,5b8d8778a9a8,noisy_or-p4-lbfgs-lr0.1-e300-r10-huber-cv,noisy_or,4,lbfgs,0.1,300,10,huber,aic,best_loss,True,2025-08-26T00:07:36.216267+00:00
3059ac0f48811aedfd4a02cdde1dfc15ccd0a3a787536b9cb863c2fbb250a0b2,3059ac0f4881,noisy_or-p4-lbfgs-lr0.1-e300-r10-huber-cv,noisy_or,4,lbfgs,0.1,300,10,huber,aic,best_loss,True,2025-08-26T00:08:50.900565+00:00
cb85242a77d15164f659865eb8647841712ee7a759eadb5d6a7b9e7a11bde826,cb85242a77d1,noisy_or-p4-lbfgs-lr0.1-e300-r10-huber-cv,noisy_or,4,lbfgs,0.1,300,10,huber,aic,best_loss,True,2025-08-26T00:09:59.813400+00:00
4e4a37bea71dba4eee5360b25d4f4203c013b8d1986d4a5fa4f273668a9059ab,4e4a37bea71d,noisy_or-p4-lbfgs-lr0.1-e300-r10-huber-cv,noisy_or,4,lbfgs,0.1,300,10,huber,aic,best_loss,True,2025-08-26T00:10:55.503251+00:00
f07704afe1a4e012881f08931b5501832bc3ac6786316b69c1840dedb27afa56,f07704afe1a4,noisy_or-p4-lbfgs-lr0.1-e300-r10-huber-cv,noisy_or,4,lbfgs,0.1,300,10,huber,aic,best_loss,True,2025-08-26T00:12:11.795743+00:00
f42410740c98d60799a233760d9a0c3e6be9e6e2add187902f077e44d0114466,f42410740c98,noisy_or-p4-lbfgs-lr0.1-e300-r10-huber-cv,noisy_or,4,lbfgs,0.1,300,10,huber,aic,best_loss,True,2025-08-26T00:13:03.291984+00:00
252e4dd3d27bcb8b26d31fb5ba984eb034e6975bcc16fa85f4b53f254d678f71,252e4dd3d27b,noisy_or-p5-lbfgs-lr0.1-e300-r10-huber-cv,noisy_or,5,lbfgs,0.1,300,10,huber,aic,best_loss,True,2025-08-26T00:14:19.618962+00:00
ad76648d84951fcfb1259a008d2761e1822ecdc46b558bb6fcbc71616a02ed23,ad76648d8495,noisy_or-p5-lbfgs-lr0.1-e300-r10-huber-cv,noisy_or,5,lbfgs,0.1,300,10,huber,aic,best_loss,True,2025-08-26T00:16:18.462565+00:00
b297004c37a2677b832c5a1c0e2aa8de7523900cf6daae52b68404f5e7888b15,b297004c37a2,noisy_or-p5-lbfgs-lr0.1-e300-r10-huber-cv,noisy_or,5,lbfgs,0.1,300,10,huber,aic,best_loss,True,2025-08-26T00:18:31.850115+00:00
5417189ccdfe8df88824aea508b04fcf0380a24cbe4294547055afdddc6c6067,5417189ccdfe,noisy_or-p5-lbfgs-lr0.1-e300-r10-huber-cv,noisy_or,5,lbfgs,0.1,300,10,huber,aic,best_loss,True,2025-08-26T00:20:35.627116+00:00
2734d8a6c89c3bad4614e821b95a6c638e1a0c6515f4b3d645ed386894ce3b77,2734d8a6c89c,noisy_or-p5-lbfgs-lr0.1-e300-r10-huber-cv,noisy_or,5,lbfgs,0.1,300,10,huber,aic,best_loss,True,2025-08-26T00:21:06.816793+00:00
14dff70b7097ec1e1c6cea797026f79007a30b10bccb301135a0f2ba0f610f0a,14dff70b7097,noisy_or-p5-lbfgs-lr0.1-e300-r10-huber-cv,noisy_or,5,lbfgs,0.1,300,10,huber,aic,best_loss,True,2025-08-26T00:22:19.651891+00:00
0e105380340f3152c2b9868ef1e218a084a2950e08a257f38f7a105c5d925c47,0e105380340f,noisy_or-p5-lbfgs-lr0.1-e300-r10-huber-cv,noisy_or,5,lbfgs,0.1,300,10,huber,aic,best_loss,True,2025-08-26T00:23:30.025235+00:00
e1787d153010ed1bb8a0e461cad836159bb55440053a2ad2f9a2559c30480c38,e1787d153010,noisy_or-p5-lbfgs-lr0.1-e300-r10-huber-cv,noisy_or,5,lbfgs,0.1,300,10,huber,aic,best_loss,True,2025-08-26T00:25:26.635349+00:00
475b705c5a2bed5b427a61945634ef690f5c30c8266132b2512603d190612bb6,475b705c5a2b,noisy_or-p5-lbfgs-lr0.1-e300-r10-huber-cv,noisy_or,5,lbfgs,0.1,300,10,huber,aic,best_loss,True,2025-08-26T00:26:54.528386+00:00
d3b2e7eb8ab96112bec8e191f62172b07912f1f478f0b5a1c463fe4ad18b0ab4,d3b2e7eb8ab9,noisy_or-p5-lbfgs-lr0.1-e300-r10-huber-cv,noisy_or,5,lbfgs,0.1,300,10,huber,aic,best_loss,True,2025-08-26T00:30:53.420834+00:00
dfd13d835eba629e1b749f6e6c7d846f2ca169bc11a1a9c971dee9a5ea75834f,dfd13d835eba,noisy_or-p5-lbfgs-lr0.1-e300-r10-huber-cv,noisy_or,5,lbfgs,0.1,300,10,huber,aic,best_loss,True,2025-08-26T01:20:07.638285+00:00
afbaa610331861510851b3a29a6cddd7c9572e09a18167e30a1f1a91b01f5d19,afbaa6103318,noisy_or-p5-lbfgs-lr0.1-e300-r10-huber-cv,noisy_or,5,lbfgs,0.1,300,10,huber,aic,best_loss,True,2025-08-26T01:38:10.023603+00:00
0f48001100d18da1c45fdb9c19637c0ddd50e747ca4c2d3601e6ed539c2aa4ba,0f48001100d1,noisy_or-p5-lbfgs-lr0.1-e300-r10-huber-cv,noisy_or,5,lbfgs,0.1,300,10,huber,aic,best_loss,True,2025-08-26T01:57:02.198206+00:00
1d01e8de509567c844d99ad9d3ccbf7212e3f8c69adb75a39b466efa5f4ac901,1d01e8de5095,noisy_or-p5-lbfgs-lr0.1-e300-r10-huber-cv,noisy_or,5,lbfgs,0.1,300,10,huber,aic,best_loss,True,2025-08-26T02:14:54.416883+00:00
e26f329648eb3bc3c2d75fcc44a99c9c56b3a734ce83cc1bbaa2d1b64e1e59b1,e26f329648eb,noisy_or-p5-lbfgs-lr0.1-e300-r10-huber-cv,noisy_or,5,lbfgs,0.1,300,10,huber,aic,best_loss,True,2025-08-26T02:31:56.594415+00:00
2fc2041bd6e04a6794a51a2ca49833f23e6b8ca7e4407f16c4009b1fd5f87e5a,2fc2041bd6e0,noisy_or-p5-lbfgs-lr0.1-e300-r10-huber-cv,noisy_or,5,lbfgs,0.1,300,10,huber,aic,best_loss,True,2025-08-26T02:32:22.353337+00:00
ea1df62d6ee63d2ab98e7d1604203d05a7a187e13a63a4452c283bda99271085,ea1df62d6ee6,noisy_or-p5-lbfgs-lr0.1-e300-r10-huber-cv,noisy_or,5,lbfgs,0.1,300,10,huber,aic,best_loss,True,2025-08-26T03:06:23.585018+00:00
0d08748f90f9787072b142bbaef1823d444b9921c9ee081af25f4ca6278063d0,0d08748f90f9,noisy_or-p5-lbfgs-lr0.1-e300-r10-huber-cv,noisy_or,5,lbfgs,0.1,300,10,huber,aic,best_loss,True,2025-08-26T03:08:11.814569+00:00
260e489358411942c0a80fc60c72b8539aa22ed2097bbf4fc913d335de2ee10d,260e48935841,noisy_or-p5-lbfgs-lr0.1-e300-r10-huber-cv,noisy_or,5,lbfgs,0.1,300,10,huber,aic,best_loss,True,2025-08-26T03:26:14.332582+00:00
de231ae9fb1db13e2c8a3e3f1f601c54349e1bcddf7c8d71eb66171b8fa6a766,de231ae9fb1d,noisy_or-p5-lbfgs-lr0.1-e300-r10-huber-cv,noisy_or,5,lbfgs,0.1,300,10,huber,aic,best_loss,True,2025-08-26T03:42:55.533671+00:00
f03b3b19c1f75e765477399fa405680c20e1cd3ad611f932f861905605a65026,f03b3b19c1f7,noisy_or-p5-lbfgs-lr0.1-e300-r10-huber-cv,noisy_or,5,lbfgs,0.1,300,10,huber,aic,best_loss,True,2025-08-26T04:16:10.682994+00:00
36b37edf451ca06ffcedae60366238866d4fca0f8911d5b0bbd613ec94fbb951,36b37edf451c,noisy_or-p5-lbfgs-lr0.1-e300-r10-huber-cv,noisy_or,5,lbfgs,0.1,300,10,huber,aic,best_loss,True,2025-08-26T04:32:40.347357+00:00
74485e8e2b1898461d2e05caefd9c06801dfe583a393bc7246ddb74c3b603fff,74485e8e2b18,noisy_or-p5-lbfgs-lr0.1-e300-r10-huber-cv,noisy_or,5,lbfgs,0.1,300,10,huber,aic,best_loss,True,2025-08-26T04:34:27.754718+00:00
8aabd11f87e13a4a1597f863c9efdb30dd941bb979dc16b306ee72d8dfa3d7da,8aabd11f87e1,noisy_or-p5-lbfgs-lr0.1-e300-r10-huber-cv,noisy_or,5,lbfgs,0.1,300,10,huber,aic,best_loss,True,2025-08-26T04:50:59.171327+00:00
28f4b76a45545709099070b241c5e29fbf62a745c2d8d4039898611d04deef5e,28f4b76a4554,noisy_or-p5-lbfgs-lr0.1-e300-r10-huber-cv,noisy_or,5,lbfgs,0.1,300,10,huber,aic,best_loss,True,2025-08-26T04:52:40.932569+00:00
4463eca614afc6084b8e958090bd4bd16d92a85c8a2ed0d4ab4f3aa56add8042,4463eca614af,noisy_or-p5-lbfgs-lr0.1-e300-r10-huber-cv,noisy_or,5,lbfgs,0.1,300,10,huber,aic,best_loss,True,2025-08-26T05:25:39.314818+00:00
1c94bc06cecbfa07fb07def8190a95ca7c8ddd0890ddaaa60febbad623d5c4f8,1c94bc06cecb,noisy_or-p5-lbfgs-lr0.1-e300-r10-huber-cv,noisy_or,5,lbfgs,0.1,300,10,huber,aic,best_loss,True,2025-08-26T05:27:34.637453+00:00
d26df8612eef9bc80010cc20738fdd22f252de9d71aa9014aa4f73a26c70c321,d26df8612eef,noisy_or-p5-lbfgs-lr0.1-e300-r10-huber-cv,noisy_or,5,lbfgs,0.1,300,10,huber,aic,best_loss,True,2025-08-26T05:29:50.972159+00:00
d60e19c5b7360d27e20def15674982192016ead206ac5121090d15a296bef705,d60e19c5b736,noisy_or-p5-lbfgs-lr0.1-e300-r10-huber-cv,noisy_or,5,lbfgs,0.1,300,10,huber,aic,best_loss,True,2025-08-26T05:32:05.326368+00:00
8b25f7a53970efb0d88aea16d458cfb0f5e806b566663aa9aa52fcbf7e661a6e,8b25f7a53970,noisy_or-p5-lbfgs-lr0.1-e300-r10-huber-cv,noisy_or,5,lbfgs,0.1,300,10,huber,aic,best_loss,True,2025-08-26T05:34:19.576894+00:00
4a13b5db96696317c5a8e2332b9ed0a41835acee88507f8f8e59909575ff91d8,4a13b5db9669,noisy_or-p5-lbfgs-lr0.1-e300-r10-huber-cv,noisy_or,5,lbfgs,0.1,300,10,huber,aic,best_loss,True,2025-08-26T06:08:41.902293+00:00
622dfebda2e36fa2e963729beba202f5ce334ee1707991d52116b84786447bac,622dfebda2e3,noisy_or-p5-lbfgs-lr0.1-e300-r10-huber-cv,noisy_or,5,lbfgs,0.1,300,10,huber,aic,best_loss,True,2025-08-26T06:26:35.479759+00:00
c520a09e8875718ae0eccfa62bbff4e585aa090a9f518b6fd146761522f9505b,c520a09e8875,noisy_or-p5-lbfgs-lr0.1-e300-r10-huber-cv,noisy_or,5,lbfgs,0.1,300,10,huber,aic,best_loss,True,2025-08-26T07:00:43.895371+00:00
a814fa60d92b424ef8e560a7ae0f06fecb0807aa7ae6f87852ebd03833c899d1,a814fa60d92b,noisy_or-p5-lbfgs-lr0.1-e300-r10-huber-cv,noisy_or,5,lbfgs,0.1,300,10,huber,aic,best_loss,True,2025-08-26T07:18:10.882059+00:00
b3b34460c533f81291b3deadfababe21061e26d51e0335c9b1b0b646aa34fc08,b3b34460c533,noisy_or-p5-lbfgs-lr0.1-e300-r10-huber-cv,noisy_or,5,lbfgs,0.1,300,10,huber,aic,best_loss,True,2025-08-26T07:35:51.502189+00:00
bf0257b407c5cde6f044344a6babfe1c0f30682c87c70398bd39c545f5ca0fe9,bf0257b407c5,noisy_or-p5-lbfgs-lr0.1-e300-r10-huber-cv,noisy_or,5,lbfgs,0.1,300,10,huber,aic,best_loss,True,2025-08-26T07:52:35.672790+00:00
3fb25e42c384922ea2d5812a69934bab2544c3a0e494934d4f05c9287a1f4725,3fb25e42c384,noisy_or-p5-lbfgs-lr0.1-e300-r10-huber-cv,noisy_or,5,lbfgs,0.1,300,10,huber,aic,best_loss,True,2025-08-26T08:09:42.584503+00:00
cc7b0a38d6fbbcfc07692bb53dd50c11cbe4d15b506e791c0ca3355682ec091a,cc7b0a38d6fb,noisy_or-p5-lbfgs-lr0.1-e300-r10-huber-cv,noisy_or,5,lbfgs,0.1,300,10,huber,aic,best_loss,True,2025-08-26T08:43:29.378476+00:00
47c47374a8fcb4437c2483491763a675c8abfb5e73f647f2c9368d98b12863a0,47c47374a8fc,noisy_or-p5-lbfgs-lr0.1-e300-r10-huber-cv,noisy_or,5,lbfgs,0.1,300,10,huber,aic,best_loss,True,2025-08-26T09:02:20.874079+00:00
b2b4e50d78295c1a7346a1f57046a03a06a72db7ffe72ac13cf5d0639e48b3c6,b2b4e50d7829,noisy_or-p5-lbfgs-lr0.1-e300-r10-huber-cv,noisy_or,5,lbfgs,0.1,300,10,huber,aic,best_loss,True,2025-08-26T09:20:09.078632+00:00
73116ff7172c4525308fbfc5ef97fc4b698be16feb4c1344f4fb19ad66a5a40f,73116ff7172c,noisy_or-p5-lbfgs-lr0.1-e300-r10-huber-cv,noisy_or,5,lbfgs,0.1,300,10,huber,aic,best_loss,True,2025-08-26T09:27:54.369827+00:00
e5eb82f97587ccd9e51613ce74ef6a987022190f6413e1239c1d7ccac597193d,e5eb82f97587,noisy_or-p5-lbfgs-lr0.1-e300-r10-huber-cv,noisy_or,5,lbfgs,0.1,300,10,huber,aic,best_loss,True,2025-08-26T10:02:23.902328+00:00
e55098403de0cd9562d0ce28b048278c4c692f6794aa233cf306c339bcc77ee9,e55098403de0,noisy_or-p5-lbfgs-lr0.1-e300-r10-huber-cv,noisy_or,5,lbfgs,0.1,300,10,huber,aic,best_loss,True,2025-08-26T10:22:22.015129+00:00
570299fc0cbbb43ebb12b8385942723d43fb0c4f171e2ef4231a4d7571ce4096,570299fc0cbb,noisy_or-p5-lbfgs-lr0.1-e300-r10-huber-cv,noisy_or,5,lbfgs,0.1,300,10,huber,aic,best_loss,True,2025-08-26T10:55:14.668948+00:00
4ca0bb9e4958f7b8f157c2fab59502b03ae7f48162e2ceb8765c3b25b387ba74,4ca0bb9e4958,noisy_or-p5-lbfgs-lr0.1-e300-r10-huber-cv,noisy_or,5,lbfgs,0.1,300,10,huber,aic,best_loss,True,2025-08-26T11:29:00.458604+00:00
091a4c8afc907c2177806be509e3a90bef918f192f9d2ce709492658412e231f,091a4c8afc90,noisy_or-p5-lbfgs-lr0.1-e300-r10-huber-cv,noisy_or,5,lbfgs,0.1,300,10,huber,aic,best_loss,True,2025-08-26T12:00:09.208531+00:00
e0d05ae33c848ece425edea4b1852a6f1a49fe9dd31a56471bb60e670f5b5220,e0d05ae33c84,noisy_or-p5-lbfgs-lr0.1-e300-r10-huber-cv,noisy_or,5,lbfgs,0.1,300,10,huber,aic,best_loss,True,2025-08-26T12:30:04.737897+00:00
2c07af3f67b43135828e9b296cca5af6b90f5205edaa00dd121e7b06f30966a5,2c07af3f67b4,noisy_or-p5-lbfgs-lr0.1-e300-r10-huber-cv,noisy_or,5,lbfgs,0.1,300,10,huber,aic,best_loss,True,2025-08-26T13:03:17.949966+00:00
f5ef84face167fde66a58442c89c0689bb8e90ec2c7cb5c34735b130fa08b7c8,f5ef84face16,noisy_or-p5-lbfgs-lr0.1-e300-r10-huber-cv,noisy_or,5,lbfgs,0.1,300,10,huber,aic,best_loss,True,2025-08-26T13:31:29.230263+00:00
9bab5b4fd40cd37959c79f90b8e513d98a4cf0bccfefd8aaf435dcad1797bb1f,9bab5b4fd40c,noisy_or-p5-lbfgs-lr0.1-e300-r10-huber-cv,noisy_or,5,lbfgs,0.1,300,10,huber,aic,best_loss,True,2025-08-26T13:57:02.373161+00:00
c722c03c9507b6bc01b9b7a830659d52152954f7a5f413e116a7e79ef4e69527,c722c03c9507,noisy_or-p5-lbfgs-lr0.1-e300-r10-huber-cv,noisy_or,5,lbfgs,0.1,300,10,huber,aic,best_loss,True,2025-08-26T13:59:01.278035+00:00
c951a993f44b7daf7d461419028223d1462d239843dd1de80a483163f93d4369,c951a993f44b,noisy_or-p5-lbfgs-lr0.1-e300-r10-huber-cv,noisy_or,5,lbfgs,0.1,300,10,huber,aic,best_loss,True,2025-08-26T14:00:35.664979+00:00
054bffe40b74e8d01710474ff22a3afae71d9bcded8e3b99ac5b650174541887,054bffe40b74,noisy_or-p5-lbfgs-lr0.1-e300-r10-huber-cv,noisy_or,5,lbfgs,0.1,300,10,huber,aic,best_loss,True,2025-08-26T14:01:59.643466+00:00
724f07e34b5341dd98f19530d57c590aa5bd99cd784ba96075b6dbf3c597405a,724f07e34b53,noisy_or-p5-lbfgs-lr0.1-e300-r10-huber-cv,noisy_or,5,lbfgs,0.1,300,10,huber,aic,best_loss,True,2025-08-26T14:03:18.231655+00:00
f8fedf58caacb43c0d5d22a4859012dc4dfcf48034f63977c8593f19391c365b,f8fedf58caac,noisy_or-p5-lbfgs-lr0.1-e300-r10-huber-cv,noisy_or,5,lbfgs,0.1,300,10,huber,aic,best_loss,True,2025-08-26T14:04:44.285470+00:00
15fa307c533f70496811235e0ad7baa8616f6fd6a9476b796a503de6e259f46c,15fa307c533f,noisy_or-p5-lbfgs-lr0.1-e300-r10-huber-cv,noisy_or,5,lbfgs,0.1,300,10,huber,aic,best_loss,True,2025-08-26T14:05:56.551675+00:00
e5a6ea1048c4a2b28532e1bbc5cdbf97818dd1e4172fac6501bd325d049d0e36,e5a6ea1048c4,noisy_or-p3-lbfgs-lr0.1-e300-r5-huber-cv,noisy_or,3,lbfgs,0.1,300,5,huber,aic,best_loss,True,2025-08-31T13:30:58.862615+00:00
d0e3320dbce965ce25cd0c985aa5f529844f7d16699832e8dfb74d266579c6e3,d0e3320dbce9,noisy_or-p3-lbfgs-lr0.1-e300-r5-huber-cv,noisy_or,3,lbfgs,0.1,300,5,huber,aic,best_loss,True,2025-08-31T13:31:31.317732+00:00
b9d11e7f38aff89b2fada12edff21faac3353cfd9ef7a6d408d1c48b8e9fb983,b9d11e7f38af,noisy_or-p3-lbfgs-lr0.1-e300-r5-huber-cv,noisy_or,3,lbfgs,0.1,300,5,huber,aic,best_loss,True,2025-08-31T13:31:48.954407+00:00
3079fea05b0c82dafcf2a0b4c938966d6f15f9dc8325e77383578124a3708520,3079fea05b0c,noisy_or-p3-lbfgs-lr0.1-e300-r5-huber-cv,noisy_or,3,lbfgs,0.1,300,5,huber,aic,best_loss,True,2025-08-31T13:32:07.004481+00:00
2eadcb0afcb7d2c5bd39298c4155fa2030682081f2a4acaddedc0ab2eb3c2e04,2eadcb0afcb7,noisy_or-p3-lbfgs-lr0.1-e300-r5-huber-cv,noisy_or,3,lbfgs,0.1,300,5,huber,aic,best_loss,True,2025-08-31T13:32:13.785502+00:00
4f01aed2fa5db78368bd585437da8e58c2cea98a1d6fc8df1fb3a788d4ead017,4f01aed2fa5d,noisy_or-p3-lbfgs-lr0.1-e300-r5-huber-cv,noisy_or,3,lbfgs,0.1,300,5,huber,aic,best_loss,True,2025-08-31T13:32:20.277867+00:00
560818f2fe9738c9f830c28dd911679977b4f43bcb680ecde30ecac324e57621,560818f2fe97,noisy_or-p3-lbfgs-lr0.1-e300-r5-huber-cv,noisy_or,3,lbfgs,0.1,300,5,huber,aic,best_loss,True,2025-08-31T13:32:39.091134+00:00
2dd0ed4992730f6ffb784b52632642dfd22365838d501e25d234ab7a89c42b59,2dd0ed499273,noisy_or-p3-lbfgs-lr0.1-e300-r5-huber-cv,noisy_or,3,lbfgs,0.1,300,5,huber,aic,best_loss,True,2025-08-31T13:32:59.144078+00:00
160adc999f64725cf8ca18394ba878ed2da94e532ad62165f7e748be5e43f89d,160adc999f64,noisy_or-p3-lbfgs-lr0.1-e300-r5-huber-cv,noisy_or,3,lbfgs,0.1,300,5,huber,aic,best_loss,True,2025-08-31T13:33:36.830917+00:00
7b827df69b84e7d377c606a721ebe8376a6a047e5ba3b90449b3c0eaac4a9ebb,7b827df69b84,noisy_or-p3-lbfgs-lr0.1-e300-r5-huber-cv,noisy_or,3,lbfgs,0.1,300,5,huber,aic,best_loss,True,2025-08-31T13:33:57.543278+00:00
f88fcc5bcd42ea5880a57ba913142ba97fce2cc8f7fbcf5d069046525b369af5,f88fcc5bcd42,noisy_or-p3-lbfgs-lr0.1-e300-r5-huber-cv,noisy_or,3,lbfgs,0.1,300,5,huber,aic,best_loss,True,2025-08-31T13:34:52.360969+00:00
05bddbfa9881bbcd06fc3d7ee280befa8ff9fa509a3b9656015c64dc93c6f5b1,05bddbfa9881,noisy_or-p3-lbfgs-lr0.1-e300-r5-huber-cv,noisy_or,3,lbfgs,0.1,300,5,huber,aic,best_loss,True,2025-08-31T13:35:15.699054+00:00
23d823b6f8f4bff100c4b3e9c5d3fcaab8dbe1c45272bfeea0f711bedd1e041a,23d823b6f8f4,noisy_or-p3-lbfgs-lr0.1-e300-r5-huber-cv,noisy_or,3,lbfgs,0.1,300,5,huber,aic,best_loss,True,2025-08-31T13:35:43.369315+00:00
27ee5e23f738cbb15b295e56fba1d417765adbab0d6664d7fe1cdb809d1e9888,27ee5e23f738,noisy_or-p3-lbfgs-lr0.1-e300-r5-huber-cv,noisy_or,3,lbfgs,0.1,300,5,huber,aic,best_loss,True,2025-08-31T13:36:11.487584+00:00
244e57fbe2189d7be9e5c53cdf8eeab12daf801800498485dabe6ec64b6ce5aa,244e57fbe218,noisy_or-p3-lbfgs-lr0.1-e300-r5-huber-cv,noisy_or,3,lbfgs,0.1,300,5,huber,aic,best_loss,True,2025-08-31T13:36:35.346776+00:00
2faee195dd86c7cacbdf0d12f13632a3c9eb876fdfe5c492c174c5a5bc361776,2faee195dd86,noisy_or-p3-lbfgs-lr0.1-e300-r5-huber-cv,noisy_or,3,lbfgs,0.1,300,5,huber,aic,best_loss,True,2025-08-31T13:37:15.697875+00:00
0ec92d95cd15cb04286558b024d0f383575aac754ad4b2220b74e67169b364dc,0ec92d95cd15,noisy_or-p3-lbfgs-lr0.1-e300-r5-huber-cv,noisy_or,3,lbfgs,0.1,300,5,huber,aic,best_loss,True,2025-08-31T13:44:10.472787+00:00
1076cfea4ad15a6deb4b3f31161e9e4cfba9bbaf2ff1f34e4221d25d3934fd4b,1076cfea4ad1,noisy_or-p3-lbfgs-lr0.1-e300-r5-huber-cv,noisy_or,3,lbfgs,0.1,300,5,huber,aic,best_loss,True,2025-08-31T13:44:37.186490+00:00
c9b300b2ae82c408d0ff6554df400c1f15a8369b97c506356460118e98de244b,c9b300b2ae82,noisy_or-p3-lbfgs-lr0.1-e300-r5-huber-cv,noisy_or,3,lbfgs,0.1,300,5,huber,aic,best_loss,True,2025-08-31T13:45:02.310764+00:00
b45421ddb2bb239c3167e227f6dca49019f2de0e080f26a499a9a24787f25986,b45421ddb2bb,noisy_or-p3-lbfgs-lr0.1-e300-r5-huber-cv,noisy_or,3,lbfgs,0.1,300,5,huber,aic,best_loss,True,2025-08-31T13:45:33.536655+00:00
2f3cd3ddd384446aba227c9de2892d5c0d0938b55726f36219bb21ad47f337a2,2f3cd3ddd384,noisy_or-p3-lbfgs-lr0.1-e300-r5-huber-cv,noisy_or,3,lbfgs,0.1,300,5,huber,aic,best_loss,True,2025-08-31T13:45:52.402322+00:00
8a86426b42d1c8ce860d2fa63308254188e2a8ced0692994fa58fd2af9678d5e,8a86426b42d1,noisy_or-p3-lbfgs-lr0.1-e300-r5-huber-cv,noisy_or,3,lbfgs,0.1,300,5,huber,aic,best_loss,True,2025-08-31T13:46:18.261629+00:00
73bf3c7bfb5bff7226f31a56f7bce8306bd4d3c768d1452b124150e8142513bf,73bf3c7bfb5b,noisy_or-p3-lbfgs-lr0.1-e300-r5-huber-cv,noisy_or,3,lbfgs,0.1,300,5,huber,aic,best_loss,True,2025-08-31T13:46:38.198793+00:00
d299690c09dfeddbd5b2aaf9dca046b1c1b6cdf1f4fccba4bce5fbb06158d420,d299690c09df,noisy_or-p3-lbfgs-lr0.1-e300-r5-huber-cv,noisy_or,3,lbfgs,0.1,300,5,huber,aic,best_loss,True,2025-08-31T13:46:57.053002+00:00
b8038b36a6f5dfe4aa773b66b4d40bd3f48c646cb7c5a3cafdcff72e27eab4b6,b8038b36a6f5,noisy_or-p3-lbfgs-lr0.1-e300-r5-huber-cv,noisy_or,3,lbfgs,0.1,300,5,huber,aic,best_loss,True,2025-08-31T13:47:17.917624+00:00
7b8c8ea6f7cb2e40c4fef7d82b4c001c7c04cee15da7fa8fd9ab9788bd7ffe94,7b8c8ea6f7cb,noisy_or-p3-lbfgs-lr0.1-e300-r5-huber-cv,noisy_or,3,lbfgs,0.1,300,5,huber,aic,best_loss,True,2025-08-31T13:47:41.363617+00:00
6563db629ff50f43379b7d7fd419933fccb34e9effe70685d0c6632fc524737f,6563db629ff5,noisy_or-p3-lbfgs-lr0.1-e300-r5-huber-cv,noisy_or,3,lbfgs,0.1,300,5,huber,aic,best_loss,True,2025-08-31T13:48:21.236123+00:00
c3826ed6f03f801ff1b19defb3df480ff9954fda9037a14f0225677f34793025,c3826ed6f03f,noisy_or-p3-lbfgs-lr0.1-e300-r5-huber-cv,noisy_or,3,lbfgs,0.1,300,5,huber,aic,best_loss,True,2025-08-31T13:48:43.427611+00:00
3a7f2e5d6479847201d2bd3b825f1a8884694b7ade29f251c8fe8c3c06988229,3a7f2e5d6479,noisy_or-p3-lbfgs-lr0.1-e300-r5-huber-cv,noisy_or,3,lbfgs,0.1,300,5,huber,aic,best_loss,True,2025-08-31T13:49:26.799169+00:00
8959c34c8b8fe9d5dc5f3d6cedcea2a0b058205c6e155ef6c892db96eee5349c,8959c34c8b8f,noisy_or-p3-lbfgs-lr0.1-e300-r5-huber-cv,noisy_or,3,lbfgs,0.1,300,5,huber,aic,best_loss,True,2025-08-31T13:49:48.290595+00:00
50b5dbe1a6126ea74bff4a4e1637b51d6adaa0fa2340d4b1e4aa4abb4a72de6f,50b5dbe1a612,noisy_or-p3-lbfgs-lr0.1-e300-r5-huber-cv,noisy_or,3,lbfgs,0.1,300,5,huber,aic,best_loss,True,2025-08-31T13:50:09.379104+00:00
c938b8b96457793b20ddfddac7c56033a9f3f0b5a55f6411f5d2bbf951ce836f,c938b8b96457,noisy_or-p3-lbfgs-lr0.1-e300-r5-huber-cv,noisy_or,3,lbfgs,0.1,300,5,huber,aic,best_loss,True,2025-08-31T13:50:33.891598+00:00
4da6fd22c17ab3318d2451659a8b638800e7df66b04a1f54ffc9b967b1718c3e,4da6fd22c17a,noisy_or-p3-lbfgs-lr0.1-e300-r5-huber-cv,noisy_or,3,lbfgs,0.1,300,5,huber,aic,best_loss,True,2025-08-31T13:50:55.087555+00:00
d5de95f34341c6066d39d9cd39921edc8a171caa2efcdf7cc9e225fa9d4cec9d,d5de95f34341,noisy_or-p3-lbfgs-lr0.1-e300-r5-huber-cv,noisy_or,3,lbfgs,0.1,300,5,huber,aic,best_loss,True,2025-08-31T13:51:17.047970+00:00
b250ad60e131672a274c2929fdb697206e4dda8d5557096d9b199808dc30e07d,b250ad60e131,noisy_or-p3-lbfgs-lr0.1-e300-r5-huber-cv,noisy_or,3,lbfgs,0.1,300,5,huber,aic,best_loss,True,2025-08-31T13:54:10.440411+00:00
c28960da883b99e59fbb7970687de865730cbf79c9213c5c096066f26799454b,c28960da883b,noisy_or-p3-lbfgs-lr0.1-e300-r5-huber-cv,noisy_or,3,lbfgs,0.1,300,5,huber,aic,best_loss,True,2025-08-31T13:54:32.494983+00:00
84a102d0a83c02692e2cc9ddc1e0bb81f2247a8aa801dfe09143d1c8d1b07cb0,84a102d0a83c,noisy_or-p3-lbfgs-lr0.1-e300-r5-huber-cv,noisy_or,3,lbfgs,0.1,300,5,huber,aic,best_loss,True,2025-08-31T13:54:53.440316+00:00
973fe997545e726ad18c0465022d3a79376629560b91df1cf0bfe59735a8c1cb,973fe997545e,noisy_or-p3-lbfgs-lr0.1-e300-r5-huber-cv,noisy_or,3,lbfgs,0.1,300,5,huber,aic,best_loss,True,2025-08-31T13:55:17.312883+00:00
a2c98c8d0984171875ba8da82dfea47c035f98dde6091dbfb3c5bf02adac5cf8,a2c98c8d0984,noisy_or-p4-lbfgs-lr0.1-e300-r5-huber-cv,noisy_or,4,lbfgs,0.1,300,5,huber,aic,best_loss,True,2025-08-31T13:55:43.832739+00:00
3508c238f655e0dd9395b56479a0d7687232e966e13f2236d25fbf3740cd337e,3508c238f655,noisy_or-p4-lbfgs-lr0.1-e300-r5-huber-cv,noisy_or,4,lbfgs,0.1,300,5,huber,aic,best_loss,True,2025-08-31T13:56:21.453513+00:00
1d58323b55c5faee1a6bb4dffa198ca0448609dd5f0bae7cf42b2efe14893edb,1d58323b55c5,noisy_or-p4-lbfgs-lr0.1-e300-r5-huber-cv,noisy_or,4,lbfgs,0.1,300,5,huber,aic,best_loss,True,2025-08-31T13:56:50.763832+00:00
5f6c142d692d814e2ea08bbd1671e23f0b5ddcca576afa5eea29812f51d1f70a,5f6c142d692d,noisy_or-p4-lbfgs-lr0.1-e300-r5-huber-cv,noisy_or,4,lbfgs,0.1,300,5,huber,aic,best_loss,True,2025-08-31T13:57:18.769451+00:00
dbb5be857ab97ed397ee022fd25391726179c27ab92fa5a3e069166aef317382,dbb5be857ab9,noisy_or-p4-lbfgs-lr0.1-e300-r5-huber-cv,noisy_or,4,lbfgs,0.1,300,5,huber,aic,best_loss,True,2025-08-31T13:57:28.147540+00:00
1aca13024e9e797ba48a2a5b48f262a696eef5754fb537dbcb7f56f4cd243a58,1aca13024e9e,noisy_or-p4-lbfgs-lr0.1-e300-r5-huber-cv,noisy_or,4,lbfgs,0.1,300,5,huber,aic,best_loss,True,2025-08-31T13:57:37.546758+00:00
2db5a7eced31604c1d450213aeac77b59169b05aac7d34b2ccbd7a6554a2a66b,2db5a7eced31,noisy_or-p4-lbfgs-lr0.1-e300-r5-huber-cv,noisy_or,4,lbfgs,0.1,300,5,huber,aic,best_loss,True,2025-08-31T13:58:08.414505+00:00
eb626d7f9944add51a8c2f0c3a238715a1327f603a546ceff377f4e244e7819d,eb626d7f9944,noisy_or-p4-lbfgs-lr0.1-e300-r5-huber-cv,noisy_or,4,lbfgs,0.1,300,5,huber,aic,best_loss,True,2025-08-31T13:58:31.604095+00:00
74eeb45aef762146115b5015af243f626dd437e834e9f6c07546d0a76e0c1c85,74eeb45aef76,noisy_or-p4-lbfgs-lr0.1-e300-r5-huber-cv,noisy_or,4,lbfgs,0.1,300,5,huber,aic,best_loss,True,2025-08-31T13:59:15.566149+00:00
447317dc4a5e511fc58aedcfc6432895f614a5f236babbb613a349885d3184b0,447317dc4a5e,noisy_or-p4-lbfgs-lr0.1-e300-r5-huber-cv,noisy_or,4,lbfgs,0.1,300,5,huber,aic,best_loss,True,2025-08-31T13:59:46.147116+00:00
3441ea96d5f1904d916710a6f00c1d166678f88cbb3181d22283fe061c450860,3441ea96d5f1,noisy_or-p4-lbfgs-lr0.1-e300-r5-huber-cv,noisy_or,4,lbfgs,0.1,300,5,huber,aic,best_loss,True,2025-08-31T14:00:38.289549+00:00
390fb90994a924ee648bf2248e7c2dc5fca69846e8dc19bbff6d7e3d3bfe439b,390fb90994a9,noisy_or-p4-lbfgs-lr0.1-e300-r5-huber-cv,noisy_or,4,lbfgs,0.1,300,5,huber,aic,best_loss,True,2025-08-31T14:01:10.670633+00:00
07823b79ffe063c403dd6054808884b645c6a694918bc8391ba456e05920fcbb,07823b79ffe0,noisy_or-p4-lbfgs-lr0.1-e300-r5-huber-cv,noisy_or,4,lbfgs,0.1,300,5,huber,aic,best_loss,True,2025-08-31T14:01:45.453158+00:00
1b856612891e2e99ba15b020dc8c4533c7c49f3aa1292181ccb7a97aebffa746,1b856612891e,noisy_or-p4-lbfgs-lr0.1-e300-r5-huber-cv,noisy_or,4,lbfgs,0.1,300,5,huber,aic,best_loss,True,2025-08-31T14:02:24.215767+00:00
b7ca9de695872d5fd1242b75293bde395ed0492669620fef21e55d29700d1e22,b7ca9de69587,noisy_or-p4-lbfgs-lr0.1-e300-r5-huber-cv,noisy_or,4,lbfgs,0.1,300,5,huber,aic,best_loss,True,2025-08-31T14:02:54.099924+00:00
ee0601c9bcb5453070c32d86ae09f934cc92c45d5cb94b9015f119ebc0395088,ee0601c9bcb5,noisy_or-p4-lbfgs-lr0.1-e300-r5-huber-cv,noisy_or,4,lbfgs,0.1,300,5,huber,aic,best_loss,True,2025-08-31T14:03:37.848507+00:00
44873f0a95d7f3ed6a6169af55995f1ffdbd436794eca8340dafe96ffd390530,44873f0a95d7,noisy_or-p4-lbfgs-lr0.1-e300-r5-huber-cv,noisy_or,4,lbfgs,0.1,300,5,huber,aic,best_loss,True,2025-08-31T14:11:17.405321+00:00
a78d94c9cdc21a61f97d8e1055858e08e1a1d0939bf3d6f2d6ec83a7f1adebe3,a78d94c9cdc2,noisy_or-p4-lbfgs-lr0.1-e300-r5-huber-cv,noisy_or,4,lbfgs,0.1,300,5,huber,aic,best_loss,True,2025-08-31T14:11:52.630152+00:00
fde2c456b1043ac200080e6d7af91220f8c416907f5fdf9ea90fa1c9a1ff501c,fde2c456b104,noisy_or-p4-lbfgs-lr0.1-e300-r5-huber-cv,noisy_or,4,lbfgs,0.1,300,5,huber,aic,best_loss,True,2025-08-31T14:12:30.131880+00:00
5cb7bea438df692beb4713b324d8372a816977c478c1a8449dc5536a55868c84,5cb7bea438df,noisy_or-p4-lbfgs-lr0.1-e300-r5-huber-cv,noisy_or,4,lbfgs,0.1,300,5,huber,aic,best_loss,True,2025-08-31T14:13:05.031966+00:00
1cbb8d4bb3e55edc4d385d1acb356833132e0f8b57864110079b0b16539dc680,1cbb8d4bb3e5,noisy_or-p4-lbfgs-lr0.1-e300-r5-huber-cv,noisy_or,4,lbfgs,0.1,300,5,huber,aic,best_loss,True,2025-08-31T14:13:28.034110+00:00
2cc3bd1778eb4611296a531fd9748456fe5dc5ae822fc26f847114799f57d12c,2cc3bd1778eb,noisy_or-p4-lbfgs-lr0.1-e300-r5-huber-cv,noisy_or,4,lbfgs,0.1,300,5,huber,aic,best_loss,True,2025-08-31T14:13:57.188895+00:00
ef8bb9e3e58ee636572365d9d540c99b9df44f3cc406a60e00885b0cefadac4f,ef8bb9e3e58e,noisy_or-p4-lbfgs-lr0.1-e300-r5-huber-cv,noisy_or,4,lbfgs,0.1,300,5,huber,aic,best_loss,True,2025-08-31T14:14:24.090913+00:00
98dbc51688ab8584331cedfd816cc1bbf11d50b169de0bddaadfda4410843466,98dbc51688ab,noisy_or-p4-lbfgs-lr0.1-e300-r5-huber-cv,noisy_or,4,lbfgs,0.1,300,5,huber,aic,best_loss,True,2025-08-31T14:14:47.876921+00:00
fd775defadbecc26296ff5d75af14b9570bf91a825bf1a08e069a07424920feb,fd775defadbe,noisy_or-p4-lbfgs-lr0.1-e300-r5-huber-cv,noisy_or,4,lbfgs,0.1,300,5,huber,aic,best_loss,True,2025-08-31T14:15:17.527057+00:00
a1c1a3627d5c4335bae62cef06606edadb3729f8e15333e592d4eb4768079c53,a1c1a3627d5c,noisy_or-p4-lbfgs-lr0.1-e300-r5-huber-cv,noisy_or,4,lbfgs,0.1,300,5,huber,aic,best_loss,True,2025-08-31T14:15:43.516140+00:00
3a8a4fec31fde3544c07d382942982987f8d301bb933c49e454878e6525a4e48,3a8a4fec31fd,noisy_or-p4-lbfgs-lr0.1-e300-r5-huber-cv,noisy_or,4,lbfgs,0.1,300,5,huber,aic,best_loss,True,2025-08-31T14:16:29.329582+00:00
7c3a4662369319bf60b8c173a4af68c9b1d9484bb87132575b24bb4b812b7307,7c3a46623693,noisy_or-p4-lbfgs-lr0.1-e300-r5-huber-cv,noisy_or,4,lbfgs,0.1,300,5,huber,aic,best_loss,True,2025-08-31T14:16:57.779007+00:00
2bbdfea9a564a7a1cd592bd11d6a3cf2e3aab70c3f0e0b7dec349a155458dd94,2bbdfea9a564,noisy_or-p4-lbfgs-lr0.1-e300-r5-huber-cv,noisy_or,4,lbfgs,0.1,300,5,huber,aic,best_loss,True,2025-08-31T14:18:45.802355+00:00
00f8104c0eb547d403c48b6be7765d8c14fb697cb09014f8abd3c9b0f1a51823,00f8104c0eb5,noisy_or-p4-lbfgs-lr0.1-e300-r5-huber-cv,noisy_or,4,lbfgs,0.1,300,5,huber,aic,best_loss,True,2025-08-31T14:19:14.642352+00:00
9c825cb4597a551c4ab2a42e1670c00aa3f4a10190abad1249a6785c8bf74f29,9c825cb4597a,noisy_or-p4-lbfgs-lr0.1-e300-r5-huber-cv,noisy_or,4,lbfgs,0.1,300,5,huber,aic,best_loss,True,2025-08-31T14:19:46.261623+00:00
4e82dc6b1ef6db625347d69ef1852cebd3a587a2a2ff53ac5399ef9d740cc654,4e82dc6b1ef6,noisy_or-p4-lbfgs-lr0.1-e300-r5-huber-cv,noisy_or,4,lbfgs,0.1,300,5,huber,aic,best_loss,True,2025-08-31T14:20:21.410766+00:00
98865833eb31bcf8db6941c50285f656efab3b7597290dee40dfa715e8b536ee,98865833eb31,noisy_or-p4-lbfgs-lr0.1-e300-r5-huber-cv,noisy_or,4,lbfgs,0.1,300,5,huber,aic,best_loss,True,2025-08-31T14:20:52.148888+00:00
17b397799681f92422811b62e57156c28897a3c720ddd4831741cf347868ec93,17b397799681,noisy_or-p4-lbfgs-lr0.1-e300-r5-huber-cv,noisy_or,4,lbfgs,0.1,300,5,huber,aic,best_loss,True,2025-08-31T14:21:21.924846+00:00
dd68e45fef702575601facdb9455aad5647a6c9002d8fb9392568a1827036a6d,dd68e45fef70,noisy_or-p4-lbfgs-lr0.1-e300-r5-huber-cv,noisy_or,4,lbfgs,0.1,300,5,huber,aic,best_loss,True,2025-08-31T14:25:19.377196+00:00
eb98c966e1adc0970deffee77bcce76b0fe3776009f76089c6c3666cc754e2e9,eb98c966e1ad,noisy_or-p4-lbfgs-lr0.1-e300-r5-huber-cv,noisy_or,4,lbfgs,0.1,300,5,huber,aic,best_loss,True,2025-08-31T14:25:50.878291+00:00
e1f1b2041c5c654a2c0fd83cc222d25422e92bad404612f2ae4baa535a75f5b0,e1f1b2041c5c,noisy_or-p4-lbfgs-lr0.1-e300-r5-huber-cv,noisy_or,4,lbfgs,0.1,300,5,huber,aic,best_loss,True,2025-08-31T14:26:15.047263+00:00
5562b1630b468c852d2625c2f380df98b4b1c54a0c61d4becbc4a4555e95f2d5,5562b1630b46,noisy_or-p4-lbfgs-lr0.1-e300-r5-huber-cv,noisy_or,4,lbfgs,0.1,300,5,huber,aic,best_loss,True,2025-08-31T14:26:45.996516+00:00
