s;domain;model;diag;ppp;task;type;wt;y;y_length;label;y.hat;y.hat.pre;diff;y.hat.prescaled
0;economy;model_only;a;ppp;c;a;1;82,5;2;a;73,63187122;0,715710379;8,868128777;0,736318712
0;economy;model_only;a;ppp;c;b;1;82,5;2;b;73,67073819;0,727134006;8,82926181;0,736707382
0;economy;model_only;a;ppp;c;c;1;77,5;2;c;73,77949013;0,757575715;3,720509875;0,737794901
0;economy;model_only;a;ppp;c;d;1;60;2;d;70,71811141;0,686898121;10,71811141;0,707181114
0;economy;model_only;a;ppp;c;e;1;52,5;2;e;66,42691103;0,686898121;13,92691103;0,66426911
0;economy;model_only;a;ppp;c;f;1;50;2;f;53,61149118;0,520688753;3,611491181;0,536114912
0;economy;model_only;a;ppp;c;g;1;50;2;g;51,79774668;0,520688753;1,797746678;0,517977467
0;economy;model_only;a;ppp;c;h;1;60;2;h;49,84871169;0,520688753;10,15128831;0,498487117
0;economy;model_only;a;ppp;c;i;1;55;1;i;54,10412312;0,543256325;0,895876878;0,541041231
0;economy;model_only;a;ppp;c;j;1;80;2;j;76,94353297;0,773834445;3,05646703;0,76943533
0;economy;model_only;a;ppp;c;k;1;90;1;k;88,96661772;0,888009706;1,033382278;0,889666177
1;society;model_only;b;pmm;c;a;1;67,5;2;a;50,48022669;0,413046011;17,01977331;0,504802267
1;society;model_only;b;pmm;c;b;1;75;2;b;64,28177872;0,588209463;10,71822128;0,642817787
1;society;model_only;b;pmm;c;c;1;92,5;2;c;89,12031439;0,838416282;3,379685606;0,891203144
1;society;model_only;b;pmm;c;d;1;17,5;2;d;43,03481876;0,362032464;25,53481876;0,430348188
1;society;model_only;b;pmm;c;e;1;7,5;2;e;19,01476509;0,362032464;11,51476509;0,190147651
1;society;model_only;b;pmm;c;f;1;20;2;f;11,63617292;0,132668888;8,363827084;0,116361729
1;society;model_only;b;pmm;c;g;1;17,5;2;g;6,999585452;0,132668888;10,50041455;0,069995855
1;society;model_only;b;pmm;c;h;1;12,5;2;h;6,650617221;0,132668888;5,849382779;0,066506172
1;society;model_only;b;pmm;c;i;1;30;1;i;2,01409657;0,082314091;27,98590343;0,020140966
1;society;model_only;b;pmm;c;j;1;80;2;j;70,26766723;0,752640104;9,732332767;0,702676672
1;society;model_only;b;pmm;c;k;1;100;1;k;94,81732305;0,933324771;5,182676954;0,94817323
3;weather;model_only;b;mmp;c;a;1;57,5;2;a;37,59063221;0,307211256;19,90936779;0,375906322
3;weather;model_only;b;mmp;c;b;1;50;2;b;53,91982125;0,512853;3,919821254;0,539198213
3;weather;model_only;b;mmp;c;c;1;77,5;2;c;73,02710292;0,729346144;4,472897081;0,730271029
3;weather;model_only;b;mmp;c;d;1;5;2;d;29,18169169;0,25021701;24,18169169;0,291816917
3;weather;model_only;b;mmp;c;e;1;10;2;e;15,40910886;0,25021701;5,409108859;0,154091089
3;weather;model_only;b;mmp;c;f;1;12,5;2;f;10,45379822;0,111293466;2,046201785;0,104537982
3;weather;model_only;b;mmp;c;g;1;17,5;2;g;7,179677553;0,111293466;10,32032245;0,071796776
3;weather;model_only;b;mmp;c;h;1;5;2;h;6,926423417;0,111293466;1,926423417;0,069264234
3;weather;model_only;b;mmp;c;i;1;20;1;i;4,091960509;0,081138878;15,90803949;0,040919605
3;weather;model_only;b;mmp;c;j;1;62,5;2;j;60,8182595;0,655189942;1,681740498;0,608182595
3;weather;model_only;b;mmp;c;k;1;95;1;k;88,89941796;0,87060724;6,100582042;0,88899418
4;weather;model_only;a;ppp;c;a;1;80;2;a;70,96814563;0,594385257;9,031854372;0,709681456
4;weather;model_only;a;ppp;c;b;1;57,5;2;b;71,00276745;0,663811049;13,50276745;0,710027674
4;weather;model_only;a;ppp;c;c;1;67,5;2;c;71,08754261;0,800893507;3,587542609;0,710875426
4;weather;model_only;a;ppp;c;d;1;50;2;d;60,21182793;0,512315056;10,21182793;0,602118279
4;weather;model_only;a;ppp;c;e;1;45;2;e;38,65253162;0,512315056;6,347468377;0,386525316
4;weather;model_only;a;ppp;c;f;1;45;2;f;39,55934169;0,359607573;5,440658308;0,395593417
4;weather;model_only;a;ppp;c;g;1;30;2;g;31,0395864;0,359607573;1,039586403;0,310395864
4;weather;model_only;a;ppp;c;h;1;35;2;h;27,20478225;0,359607573;7,79521775;0,272047823
4;weather;model_only;a;ppp;c;i;1;5;1;i;12,29460371;0,141281829;7,294603715;0,122946037
4;weather;model_only;a;ppp;c;j;1;35;2;j;47,97795492;0,540975862;12,97795492;0,479779549
4;weather;model_only;a;ppp;c;k;1;100;1;k;77,50015809;0,754630604;22,49984191;0,775001581
10;society;model_only;a;ppp;c;a;1;90;2;a;82,43794339;0,7851709;7,562056608;0,824379434
10;society;model_only;a;ppp;c;b;1;85;2;b;81,7173336;0,79288944;3,282666398;0,817173336
10;society;model_only;a;ppp;c;c;1;95;2;c;78,49645163;0,822438628;16,50354837;0,784964516
10;society;model_only;a;ppp;c;d;1;75;2;d;80,37818138;0,764015568;5,378181382;0,803781814
10;society;model_only;a;ppp;c;e;1;57,5;2;e;71,78263235;0,764015568;14,28263235;0,717826323
10;society;model_only;a;ppp;c;f;1;55;2;f;61,96000244;0,580934873;6,96000244;0,619600024
10;society;model_only;a;ppp;c;g;1;62,5;2;g;58,23953339;0,580934873;4,260466606;0,582395334
10;society;model_only;a;ppp;c;h;1;52,5;2;h;53,05093281;0,580934873;0,550932814;0,530509328
10;society;model_only;a;ppp;c;i;1;65;1;i;56,09956659;0,57040563;8,90043341;0,560995666
10;society;model_only;a;ppp;c;j;1;67,5;2;j;80,5001181;0,816055989;13,0001181;0,805001181
10;society;model_only;a;ppp;c;k;1;100;1;k;92,24638901;0,921238728;7,753610989;0,92246389
13;economy;model_only;b;pmm;c;a;1;62,5;2;a;63,41925423;0,607073194;0,919254232;0,634192542
13;economy;model_only;b;pmm;c;b;1;75;2;b;67,66500783;0,6660546;7,334992171;0,676650078
13;economy;model_only;b;pmm;c;c;1;100;2;c;76,54977727;0,783693101;23,45022273;0,765497773
13;economy;model_only;b;pmm;c;d;1;62,5;2;d;61,66977656;0,591099608;0,830223439;0,616697766
13;economy;model_only;b;pmm;c;e;1;37,5;2;e;55,24513131;0,591099608;17,74513131;0,552451313
13;economy;model_only;b;pmm;c;f;1;0;2;f;15,16782179;0,141942258;15,16782179;0,151678218
13;economy;model_only;b;pmm;c;g;1;32,5;2;g;13,45183305;0,141942258;19,04816695;0,134518331
13;economy;model_only;b;pmm;c;h;1;0;2;h;13,18512383;0,141942258;13,18512383;0,131851238
13;economy;model_only;b;pmm;c;i;1;50;1;i;34,77995105;0,370241337;15,22004895;0,34779951
13;economy;model_only;b;pmm;c;j;1;72,5;2;j;91,97550963;0,9279347;19,47550963;0,919755096
13;economy;model_only;b;pmm;c;k;1;100;1;k;99,10823785;0,991753337;0,891762151;0,991082378
21;economy;model_only;a;mmp;c;a;1;57,5;2;a;54,42983869;0,544299647;3,07016131;0,544298387
21;economy;model_only;a;mmp;c;b;1;87,5;2;b;56,4480292;0,564481658;31,0519708;0,564480292
21;economy;model_only;a;mmp;c;c;1;50;2;c;59,06382075;0,590639855;9,063820748;0,590638207
21;economy;model_only;a;mmp;c;d;1;12,5;2;d;50,95337778;0,509535002;38,45337778;0,509533778
21;economy;model_only;a;mmp;c;e;1;45;2;e;50,95337778;0,509535002;5,953377777;0,509533778
21;economy;model_only;a;mmp;c;f;1;30;2;f;35,71461622;0,357146478;5,714616218;0,357146162
21;economy;model_only;a;mmp;c;g;1;50;2;g;35,71461621;0,357146478;14,28538379;0,357146162
21;economy;model_only;a;mmp;c;h;1;50;2;h;35,71461621;0,357146478;14,28538379;0,357146162
21;economy;model_only;a;mmp;c;i;1;50;1;i;54,47230922;0,544722399;4,47230922;0,544723092
21;economy;model_only;a;mmp;c;j;1;82,5;2;j;75,65299788;0,756530466;6,847002123;0,756529979
21;economy;model_only;a;mmp;c;k;1;100;1;k;86,97986869;0,869799406;13,02013131;0,869798687
22;weather;model_only;a;ppp;c;a;1;87,5;2;a;71,52343483;0,614396824;15,97656517;0,715234348
22;weather;model_only;a;ppp;c;b;1;70;2;b;72,05156717;0,676047743;2,051567165;0,720515672
22;weather;model_only;a;ppp;c;c;1;72,5;2;c;73,41310192;0,804705481;0,91310192;0,734131019
22;weather;model_only;a;ppp;c;d;1;50;2;d;63,36204584;0,547368506;13,36204584;0,633620458
22;weather;model_only;a;ppp;c;e;1;50;2;e;43,6590464;0,547368506;6,3409536;0,436590464
22;weather;model_only;a;ppp;c;f;1;32,5;2;f;38,9000678;0,35214961;6,400067798;0,389000678
22;weather;model_only;a;ppp;c;g;1;37,5;2;g;31,33006089;0,35214961;6,169939115;0,313300609
22;weather;model_only;a;ppp;c;h;1;22,5;2;h;27,87631125;0,35214961;5,376311245;0,278763112
22;weather;model_only;a;ppp;c;i;1;20;1;i;16,35548123;0,18612081;3,644518775;0,163554812
22;weather;model_only;a;ppp;c;j;1;50;2;j;58,27995108;0,63417162;8,279951081;0,582799511
22;weather;model_only;a;ppp;c;k;1;95;1;k;84,64122909;0,83556478;10,35877091;0,846412291
25;economy;model_only;b;ppp;c;a;1;72,5;2;a;70,17424851;0,701742583;2,325751491;0,701742485
25;economy;model_only;b;ppp;c;b;1;82,5;2;b;70,90432543;0,709043357;11,59567457;0,709043254
25;economy;model_only;b;ppp;c;c;1;72,5;2;c;72,68347686;0,726834892;0,183476863;0,726834769
25;economy;model_only;b;ppp;c;d;1;60;2;d;68,04491626;0,680449166;8,044916263;0,680449163
25;economy;model_only;b;ppp;c;e;1;50;2;e;68,04491625;0,680449166;18,04491625;0,680449163
25;economy;model_only;b;ppp;c;f;1;52,5;2;f;52,80072133;0,528007802;0,300721327;0,528007213
25;economy;model_only;b;ppp;c;g;1;62,5;2;g;52,80072132;0,528007802;9,699278678;0,528007213
25;economy;model_only;b;ppp;c;h;1;55;2;h;52,80072132;0,528007802;2,199278683;0,528007213
25;economy;model_only;b;ppp;c;i;1;60;1;i;65,54104806;0,655409207;5,541048061;0,655410481
25;economy;model_only;b;ppp;c;j;1;92,5;2;j;81,8969882;0,818968788;10,6030118;0,818969882
25;economy;model_only;b;ppp;c;k;1;95;1;k;90,48958202;0,904895022;4,51041798;0,90489582
28;society;model_only;b;pmm;c;a;1;42,5;2;a;45,44785597;0,442368453;2,947855972;0,45447856
28;society;model_only;b;pmm;c;b;1;50;2;b;53,51802352;0,533749625;3,518023523;0,535180235
28;society;model_only;b;pmm;c;c;1;75;2;c;62,80978454;0,638360085;12,19021546;0,628097845
28;society;model_only;b;pmm;c;d;1;50;2;d;45,44785584;0,442367095;4,552144163;0,454478558
28;society;model_only;b;pmm;c;e;1;32,5;2;e;42,80177032;0,442367095;10,30177032;0,428017703
28;society;model_only;b;pmm;c;f;1;0;2;f;7,80491E-07;7,93296E-06;7,80491E-07;7,80491E-09
28;society;model_only;b;pmm;c;g;1;0;2;g;7,2821E-07;7,93296E-06;7,2821E-07;7,2821E-09
28;society;model_only;b;pmm;c;h;1;0;2;h;7,2821E-07;7,93296E-06;7,2821E-07;7,2821E-09
28;society;model_only;b;pmm;c;i;1;50;1;i;44,30783536;0,44940993;5,692164636;0,443078354
28;society;model_only;b;pmm;c;j;1;100;2;j;99,99999946;0,999994494;5,41965E-07;0,999999995
28;society;model_only;b;pmm;c;k;1;100;1;k;100;1;0;1
29;society;model_only;a;ppp;c;a;1;50;2;a;60,49421099;0,604941847;10,49421099;0,60494211
29;society;model_only;a;ppp;c;b;1;50;2;b;64,93410099;0,649340175;14,93410099;0,64934101
29;society;model_only;a;ppp;c;c;1;75;2;c;73,15577146;0,731555518;1,844228543;0,731557715
29;society;model_only;a;ppp;c;d;1;62,5;2;d;55,37039714;0,553703897;7,129602864;0,553703971
29;society;model_only;a;ppp;c;e;1;50;2;e;55,37039713;0,553703897;5,370397133;0,553703971
29;society;model_only;a;ppp;c;f;1;25;2;f;34,78884865;0,347889527;9,788848648;0,347888486
29;society;model_only;a;ppp;c;g;1;50;2;g;34,78884865;0,347889527;15,21115135;0,347888486
29;society;model_only;a;ppp;c;h;1;50;2;h;34,78884865;0,347889527;15,21115135;0,347888486
29;society;model_only;a;ppp;c;i;1;25;1;i;32,26628633;0,322666425;7,266286333;0,322662863
29;society;model_only;a;ppp;c;j;1;75;2;j;70,87483066;0,708748415;4,125169341;0,708748307
29;society;model_only;a;ppp;c;k;1;100;1;k;87,47631802;0,874762615;12,52368198;0,87476318
33;weather;model_only;b;mmp;c;a;1;70;2;a;63,99356771;0,639934587;6,006432293;0,639935677
33;weather;model_only;b;mmp;c;b;1;65;2;b;68,50856195;0,685084781;3,508561951;0,68508562
33;weather;model_only;b;mmp;c;c;1;95;2;c;78,33077974;0,783307124;16,66922026;0,783307797
33;weather;model_only;b;mmp;c;d;1;57,5;2;d;61,26036888;0,612602324;3,760368884;0,612603689
33;weather;model_only;b;mmp;c;e;1;50;2;e;61,26036888;0,612602324;11,26036888;0,612603689
33;weather;model_only;b;mmp;c;f;1;20;2;f;25,83368284;0,25833723;5,833682838;0,258336828
33;weather;model_only;b;mmp;c;g;1;30;2;g;25,83368284;0,25833723;4,166317164;0,258336828
33;weather;model_only;b;mmp;c;h;1;27,5;2;h;25,83368284;0,25833723;1,666317164;0,258336828
33;weather;model_only;b;mmp;c;i;1;45;1;i;37,74705241;0,377469259;7,252947585;0,377470524
33;weather;model_only;b;mmp;c;j;1;82,5;2;j;86,2875391;0,862874037;3,787539099;0,862875391
33;weather;model_only;b;mmp;c;k;1;100;1;k;96,97955533;0,969795018;3,020444673;0,969795553
38;society;model_only;b;ppp;c;a;1;80;2;a;71,32563045;0,59890636;8,674369546;0,713256305
38;society;model_only;b;ppp;c;b;1;87,5;2;b;73,9003153;0,673405795;13,5996847;0,739003153
38;society;model_only;b;ppp;c;c;1;92,5;2;c;81,1904425;0,827016454;11,3095575;0,811904425
38;society;model_only;b;ppp;c;d;1;57,5;2;d;65,25215211;0,553357014;7,752152113;0,652521521
38;society;model_only;b;ppp;c;e;1;25;2;e;38,52012429;0,553357014;13,52012429;0,385201243
38;society;model_only;b;ppp;c;f;1;7,5;2;f;27,12949663;0,255506085;19,62949663;0,271294966
38;society;model_only;b;ppp;c;g;1;27,5;2;g;18,70054589;0,255506085;8,799454108;0,187005459
38;society;model_only;b;ppp;c;h;1;27,5;2;h;16,76171393;0,255506085;10,73828607;0,167617139
38;society;model_only;b;ppp;c;i;1;35;1;i;10,33220942;0,201845523;24,66779058;0,103322094
38;society;model_only;b;ppp;c;j;1;67,5;2;j;71,18112223;0,778903357;3,681122231;0,711811222
38;society;model_only;b;ppp;c;k;1;95;1;k;94,286528;0,938754055;0,713471996;0,94286528
39;society;model_only;a;mmp;c;a;1;87,5;2;a;67,36902781;0,635736114;20,13097219;0,673690278
39;society;model_only;a;mmp;c;b;1;75;2;b;75,39717014;0,732995849;0,397170145;0,753971701
39;society;model_only;a;mmp;c;c;1;100;2;c;99,99999904;0,999999118;9,60049E-07;0,99999999
39;society;model_only;a;mmp;c;d;1;50;2;d;62,32912873;0,590049413;12,32912873;0,623291287
39;society;model_only;a;mmp;c;e;1;50;2;e;52,63064139;0,590049413;2,630641388;0,526306414
39;society;model_only;a;mmp;c;f;1;0;2;f;24,26253519;0,234270709;24,26253519;0,242625352
39;society;model_only;a;mmp;c;g;1;50;2;g;21,47171333;0,234270709;28,52828667;0,214717133
39;society;model_only;a;mmp;c;h;1;12,5;2;h;20,70862872;0,234270709;8,208628721;0,207086287
39;society;model_only;a;mmp;c;i;1;0;1;i;8,15944E-07;1,00004E-06;8,15944E-07;8,15944E-09
39;society;model_only;a;mmp;c;j;1;75;2;j;76,49370125;0,787438098;1,493701255;0,764937013
39;society;model_only;a;mmp;c;k;1;100;1;k;95,44881725;0,954817393;4,551182751;0,954488172
40;economy;model_only;a;pmm;c;a;1;55;2;a;55,55633408;0,517115404;0,556334084;0,555563341
40;economy;model_only;a;pmm;c;b;1;55;2;b;58,17524942;0,572113301;3,175249416;0,581752494
40;economy;model_only;a;pmm;c;c;1;75;2;c;61,81797413;0,645649188;13,18202587;0,618179741
40;economy;model_only;a;pmm;c;d;1;50;2;d;46,75131931;0,438423771;3,248680691;0,467513193
40;economy;model_only;a;pmm;c;e;1;27,5;2;e;41,15256849;0,438423771;13,65256849;0,411525685
40;economy;model_only;a;pmm;c;f;1;45;2;f;35,08110303;0,336754345;9,918896967;0,35081103
40;economy;model_only;a;pmm;c;g;1;32,5;2;g;32,72221991;0,336754345;0,222219914;0,327222199
40;economy;model_only;a;pmm;c;h;1;22,5;2;h;31,5749185;0,336754345;9,0749185;0,315749185
40;economy;model_only;a;pmm;c;i;1;25;1;i;20,54777252;0,207684666;4,452227484;0,205477725
40;economy;model_only;a;pmm;c;j;1;65;2;j;47,57196774;0,48471028;17,42803226;0,475719677
40;economy;model_only;a;pmm;c;k;1;50;1;k;67,73136111;0,66487649;17,73136111;0,677313611
45;weather;model_only;b;ppp;c;a;1;70;2;a;56,76198328;0,555284246;13,23801672;0,567619833
45;weather;model_only;b;ppp;c;b;1;47,5;2;b;68,91416019;0,684067891;21,41416019;0,689141602
45;weather;model_only;b;ppp;c;c;1;97,5;2;c;95,85430627;0,962915006;1,645693726;0,958543063
45;weather;model_only;b;ppp;c;d;1;50;2;d;52,13325258;0,510662311;2,133252578;0,521332526
45;weather;model_only;b;ppp;c;e;1;50;2;e;48,98143765;0,510662311;1,018562346;0,489814377
45;weather;model_only;b;ppp;c;f;1;15;2;f;17,77823299;0,176029126;2,77823299;0,17778233
45;weather;model_only;b;ppp;c;g;1;17,5;2;g;16,99962409;0,176029126;0,500375911;0,169996241
45;weather;model_only;b;ppp;c;h;1;17,5;2;h;16,84015423;0,176029126;0,659845774;0,168401542
45;weather;model_only;b;ppp;c;i;1;0;1;i;3,305425161;0,032228998;3,305425161;0,033054252
45;weather;model_only;b;ppp;c;j;1;77,5;2;j;79,6046489;0,801883733;2,1046489;0,796046489
45;weather;model_only;b;ppp;c;k;1;100;1;k;95,95095997;0,959442828;4,049040028;0,9595096
46;economy;model_only;b;mmp;c;a;1;70;2;a;61,34242992;0,571441049;8,657570085;0,613424299
46;economy;model_only;b;mmp;c;b;1;75;2;b;71,25755496;0,692985609;3,742445038;0,71257555
46;economy;model_only;b;mmp;c;c;1;95;2;c;95,83888641;0,967333111;0,838886405;0,958388864
46;economy;model_only;b;mmp;c;d;1;50;2;d;57,11710899;0,534921137;7,117108988;0,57117109
46;economy;model_only;b;mmp;c;e;1;50;2;e;46,11127069;0,534921137;3,888729307;0,461112707
46;economy;model_only;b;mmp;c;f;1;5;2;f;16,98023419;0,160110449;11,98023419;0,169802342
46;economy;model_only;b;mmp;c;g;1;22,5;2;g;14,42483589;0,160110449;8,075164109;0,144248359
46;economy;model_only;b;mmp;c;h;1;5;2;h;13,99408941;0,160110449;8,994089407;0,139940894
46;economy;model_only;b;mmp;c;i;1;5;1;i;3,030107079;0,03261368;1,969892921;0,030301071
46;economy;model_only;b;mmp;c;j;1;75;2;j;81,56071339;0,839662805;6,560713392;0,815607134
46;economy;model_only;b;mmp;c;k;1;95;1;k;97,16845071;0,973425285;2,168450714;0,971684507
53;weather;model_only;a;mpm;c;a;1;50;2;a;53,69655256;0,469137671;3,696552565;0,536965526
53;weather;model_only;a;mpm;c;b;1;30;2;b;66,7111381;0,642637128;36,7111381;0,667111381
53;weather;model_only;a;mpm;c;c;1;100;2;c;92,79246873;0,954637063;7,207531267;0,927924687
53;weather;model_only;a;mpm;c;d;1;75;2;d;53,69655233;0,464668732;21,30344767;0,536965523
53;weather;model_only;a;mpm;c;e;1;30;2;e;29,49233817;0,464668732;0,507661831;0,294923382
53;weather;model_only;a;mpm;c;f;1;0;2;f;6,889E-07;0,016137169;6,889E-07;6,889E-09
53;weather;model_only;a;mpm;c;g;1;10;2;g;4,0922E-07;0,016137169;9,999999591;4,0922E-09
53;weather;model_only;a;mpm;c;h;1;0;2;h;4,0922E-07;0,016137169;4,0922E-07;4,0922E-09
53;weather;model_only;a;mpm;c;i;1;0;1;i;3,248977426;0,040498351;3,248977426;0,032489774
53;weather;model_only;a;mpm;c;j;1;100;2;j;99,99999905;0,98186917;9,46542E-07;0,999999991
53;weather;model_only;a;mpm;c;k;1;100;1;k;100;0,999657398;0;1
56;weather;model_only;a;pmm;c;a;1;72,5;2;a;73,2514941;0,732516281;0,751494104;0,732514941
56;weather;model_only;a;pmm;c;b;1;87,5;2;b;75,87613473;0,758762544;11,62386527;0,758761347
56;weather;model_only;a;pmm;c;c;1;90;2;c;84,13134521;0,841314741;5,868654786;0,841313452
56;weather;model_only;a;pmm;c;d;1;60;2;d;68,58666733;0,685868033;8,586667334;0,685866673
56;weather;model_only;a;pmm;c;e;1;57,5;2;e;68,58666733;0,685868033;11,08666733;0,685866673
56;weather;model_only;a;pmm;c;f;1;40;2;f;48,55622577;0,485563897;8,556225765;0,485562258
56;weather;model_only;a;pmm;c;g;1;57,5;2;g;48,55622576;0,485563897;8,943774235;0,485562258
56;weather;model_only;a;pmm;c;h;1;55;2;h;48,55622576;0,485563897;6,443774236;0,485562258
56;weather;model_only;a;pmm;c;i;1;30;1;i;28,44266298;0,284425434;1,557337023;0,28442663
56;weather;model_only;a;pmm;c;j;1;75;2;j;69,06567947;0,6906562;5,934320534;0,690656795
56;weather;model_only;a;pmm;c;k;1;85;1;k;86,62705703;0,866270279;1,627057033;0,86627057
57;weather;model_only;b;mmp;c;a;1;47,5;2;a;55,04959572;0,550495816;7,549595716;0,550495957
57;weather;model_only;b;mmp;c;b;1;60;2;b;60,84969604;0,608496835;0,84969604;0,60849696
57;weather;model_only;b;mmp;c;c;1;65;2;c;69,86455176;0,69864537;4,864551763;0,698645518
57;weather;model_only;b;mmp;c;d;1;50;2;d;51,77528425;0,517752908;1,77528425;0,517752843
57;weather;model_only;b;mmp;c;e;1;75;2;e;51,77528425;0,517752908;23,22471575;0,517752843
57;weather;model_only;b;mmp;c;f;1;12,5;2;f;21,95633855;0,219562414;9,456338553;0,219563386
57;weather;model_only;b;mmp;c;g;1;15;2;g;21,95633855;0,219562414;6,956338553;0,219563386
57;weather;model_only;b;mmp;c;h;1;25;2;h;21,95633855;0,219562414;3,043661447;0,219563386
57;weather;model_only;b;mmp;c;i;1;40;1;i;38,89468778;0,388947805;1,105312224;0,388946878
57;weather;model_only;b;mmp;c;j;1;67,5;2;j;83,98789481;0,839880141;16,48789481;0,839878948
57;weather;model_only;b;mmp;c;k;1;100;1;k;95,80416983;0,95804226;4,195830171;0,958041698
58;economy;model_only;a;ppp;c;a;1;65;2;a;67,15865749;0,618350492;2,158657486;0,671586575
58;economy;model_only;a;ppp;c;b;1;62,5;2;b;64,42685839;0,629415465;1,926858389;0,644268584
58;economy;model_only;a;ppp;c;c;1;62,5;2;c;59,47927081;0,648208654;3,02072919;0,594792708
58;economy;model_only;a;ppp;c;d;1;60;2;d;62,38955374;0,574695617;2,389553741;0,623895537
58;economy;model_only;a;ppp;c;e;1;50;2;e;52,26623043;0,574695617;2,266230426;0,522662304
58;economy;model_only;a;ppp;c;f;1;60;2;f;54,23209011;0,502140533;5,767909889;0,542320901
58;economy;model_only;a;ppp;c;g;1;50;2;g;49,85028011;0,502140533;0,149719894;0,498502801
58;economy;model_only;a;ppp;c;h;1;45;2;h;45,49463352;0,502140533;0,494633521;0,454946335
58;economy;model_only;a;ppp;c;i;1;40;1;i;41,10469318;0,410863631;1,104693176;0,411046932
58;economy;model_only;a;ppp;c;j;1;55;2;j;55,1041551;0,560259651;0,104155097;0,551041551
58;economy;model_only;a;ppp;c;k;1;70;1;k;67,93006947;0,671771113;2,069930527;0,679300695
63;society;model_only;b;mmp;c;a;1;50;2;a;53,85897578;0,530061608;3,858975777;0,538589758
63;society;model_only;b;mmp;c;b;1;40;2;b;58,59735688;0,584873954;18,59735688;0,585973569
63;society;model_only;b;mmp;c;c;1;50;2;c;65,3036101;0,662099447;15,3036101;0,653036101
63;society;model_only;b;mmp;c;d;1;50;2;d;48,34733165;0,476017542;1,652668348;0,483473317
63;society;model_only;b;mmp;c;e;1;45;2;e;46,69130868;0,476017542;1,691308676;0,466913087
63;society;model_only;b;mmp;c;f;1;50;2;f;29,31838744;0,290373036;20,68161256;0,293183874
63;society;model_only;b;mmp;c;g;1;27,5;2;g;28,6844243;0,290373036;1,184424296;0,286844243
63;society;model_only;b;mmp;c;h;1;50;2;h;28,42943277;0,290373036;21,57056723;0,284294328
63;society;model_only;b;mmp;c;i;1;5;1;i;32,23363738;0,322055588;27,23363738;0,322336374
63;society;model_only;b;mmp;c;j;1;95;2;j;69,26665117;0,694638662;25,73334883;0,692666512
63;society;model_only;b;mmp;c;k;1;95;1;k;86,38041835;0,862458418;8,619581654;0,863804183
69;economy;model_only;b;ppp;c;a;1;50;2;a;60,79057092;0,607905416;10,79057092;0,607905709
69;economy;model_only;b;ppp;c;b;1;87,5;2;b;70,79809058;0,707981236;16,70190942;0,707980906
69;economy;model_only;b;ppp;c;c;1;95;2;c;95,06065754;0,950608805;0,060657538;0,950606575
69;economy;model_only;b;ppp;c;d;1;50;2;d;56,43212794;0,564321207;6,432127936;0,564321279
69;economy;model_only;b;ppp;c;e;1;50;2;e;56,43212794;0,564321207;6,432127936;0,564321279
69;economy;model_only;b;ppp;c;f;1;27,5;2;f;21,47920395;0,214790448;6,020796054;0,214792039
69;economy;model_only;b;ppp;c;g;1;7,5;2;g;21,47920395;0,214790448;13,97920395;0,214792039
69;economy;model_only;b;ppp;c;h;1;50;2;h;21,47920395;0,214790448;28,52079605;0,214792039
69;economy;model_only;b;ppp;c;i;1;5;1;i;5,385399668;0,053851512;0,385399668;0,053853997
69;economy;model_only;b;ppp;c;j;1;95;2;j;80,01833982;0,8001847;14,98166018;0,800183398
69;economy;model_only;b;ppp;c;k;1;100;1;k;95,78007261;0,957801387;4,21992739;0,957800726
71;society;model_only;a;mpm;c;a;1;62,5;2;a;73,05466821;0,597632911;10,55466821;0,730546682
71;society;model_only;a;mpm;c;b;1;75;2;b;70,94757277;0,658133216;4,052427234;0,709475728
71;society;model_only;a;mpm;c;c;1;52,5;2;c;65,8019336;0,774603319;13,3019336;0,658019336
71;society;model_only;a;mpm;c;d;1;50;2;d;63,83575158;0,523353336;13,83575158;0,638357516
71;society;model_only;a;mpm;c;e;1;50;2;e;39,74099928;0,523353336;10,25900072;0,397409993
71;society;model_only;a;mpm;c;f;1;62,5;2;f;42,54991994;0,362708854;19,95008006;0,425499199
71;society;model_only;a;mpm;c;g;1;35;2;g;32,6196804;0,362708854;2,380319596;0,326196804
71;society;model_only;a;mpm;c;h;1;25;2;h;27,81232357;0,362708854;2,81232357;0,278123236
71;society;model_only;a;mpm;c;i;1;0;1;i;17,8199722;0,184429681;17,8199722;0,178199722
71;society;model_only;a;mpm;c;j;1;50;2;j;51,99089204;0,577250362;1,990892045;0,51990892
71;society;model_only;a;mpm;c;k;1;100;1;k;79,85593039;0,780868366;20,14406961;0,798559304
72;weather;model_only;a;mmp;c;a;1;50;2;a;61,57920689;0,615791534;11,57920689;0,615792069
72;weather;model_only;a;mmp;c;b;1;92,5;2;b;64,65356412;0,646535419;27,84643588;0,646535641
72;weather;model_only;a;mmp;c;c;1;95;2;c;70,27699254;0,702770222;24,72300746;0,702769925
72;weather;model_only;a;mmp;c;d;1;27,5;2;d;57,83443129;0,578343607;30,33443129;0,578344313
72;weather;model_only;a;mmp;c;e;1;30;2;e;57,83443129;0,578343607;27,83443129;0,578344313
72;weather;model_only;a;mmp;c;f;1;35;2;f;35,50496752;0,355048652;0,504967521;0,355049675
72;weather;model_only;a;mmp;c;g;1;72,5;2;g;35,50496752;0,355048652;36,99503248;0,355049675
72;weather;model_only;a;mmp;c;h;1;25;2;h;35,50496752;0,355048652;10,50496752;0,355049675
72;weather;model_only;a;mmp;c;i;1;50;1;i;45,26714439;0,45266916;4,732855608;0,452671444
72;weather;model_only;a;mmp;c;j;1;97,5;2;j;78,03240798;0,780323509;19,46759202;0,78032408
72;weather;model_only;a;mmp;c;k;1;90;1;k;91,18308201;0,91183073;1,183082011;0,91183082
74;society;model_only;a;ppp;c;a;1;85;2;a;76,22850281;0,68096326;8,771497189;0,762285028
74;society;model_only;a;ppp;c;b;1;65;2;b;72,51928282;0,691314814;7,519282818;0,725192828
74;society;model_only;a;ppp;c;c;1;62,5;2;c;62,73096573;0,714497598;0,230965726;0,627309657
74;society;model_only;a;ppp;c;d;1;65;2;d;72,61420946;0,645626847;7,61420946;0,726142095
74;society;model_only;a;ppp;c;e;1;57,5;2;e;55,2114075;0,645626847;2,2885925;0,552114075
74;society;model_only;a;ppp;c;f;1;65;2;f;60,44249099;0,534683152;4,55750901;0,60442491
74;society;model_only;a;ppp;c;g;1;52,5;2;g;52,90221001;0,534683152;0,402210011;0,5290221
74;society;model_only;a;ppp;c;h;1;45;2;h;44,43265065;0,534683152;0,567349346;0,444326507
74;society;model_only;a;ppp;c;i;1;50;1;i;49,01604863;0,49708081;0,983951366;0,490160486
74;society;model_only;a;ppp;c;j;1;60;2;j;66,92844401;0,682805855;6,928444008;0,66928444
74;society;model_only;a;ppp;c;k;1;90;1;k;80,94224604;0,799943753;9,057753963;0,80942246
77;weather;model_only;b;mmp;c;a;1;45;2;a;39,59218214;0,353718562;5,407817856;0,395921821
77;weather;model_only;b;mmp;c;b;1;55;2;b;55,21394558;0,537663666;0,213945584;0,552139456
77;weather;model_only;b;mmp;c;c;1;77,5;2;c;74,47304773;0,751578498;3,026952275;0,744730477
77;weather;model_only;b;mmp;c;d;1;30;2;d;30,76163314;0,28071182;0,761633139;0,307616331
77;weather;model_only;b;mmp;c;e;1;17,5;2;e;23,68661766;0,28071182;6,186617656;0,236866177
77;weather;model_only;b;mmp;c;f;1;5;2;f;15,26169158;0,152764313;10,26169158;0,152616916
77;weather;model_only;b;mmp;c;g;1;20;2;g;13,10589502;0,152764313;6,89410498;0,13105895
77;weather;model_only;b;mmp;c;h;1;12,5;2;h;12,78074473;0,152764313;0,280744731;0,127807447
77;weather;model_only;b;mmp;c;i;1;15;1;i;5,913270061;0,073794842;9,086729939;0,059132701
77;weather;model_only;b;mmp;c;j;1;60;2;j;55,58089394;0,572075562;4,419106061;0,555808939
77;weather;model_only;b;mmp;c;k;1;75;1;k;81,99346608;0,802290752;6,993466077;0,819934661
82;economy;model_only;b;mpm;c;a;1;70;2;a;63,69522984;0,609696779;6,304770161;0,636952298
82;economy;model_only;b;mpm;c;b;1;90;2;b;71,45712028;0,700675278;18,54287972;0,714571203
82;economy;model_only;b;mpm;c;c;1;97,5;2;c;90,88901868;0,9136426;6,610981323;0,908890187
82;economy;model_only;b;mpm;c;d;1;47,5;2;d;60,39330524;0,579529445;12,89330524;0,603933052
82;economy;model_only;b;mpm;c;e;1;50;2;e;53,32544872;0,579529445;3,325448721;0,533254487
82;economy;model_only;b;mpm;c;f;1;7,5;2;f;18,11117235;0,174479838;10,61117235;0,181111724
82;economy;model_only;b;mpm;c;g;1;20;2;g;16,29002429;0,174479838;3,709975708;0,162900243
82;economy;model_only;b;mpm;c;h;1;17,5;2;h;15,93562751;0,174479838;1,564372493;0,159356275
82;economy;model_only;b;mpm;c;i;1;20;1;i;9,73749184;0,112546529;10,26250816;0,097374918
82;economy;model_only;b;mpm;c;j;1;82,5;2;j;85,02350368;0,863910932;2,523503677;0,850235037
82;economy;model_only;b;mpm;c;k;1;95;1;k;97,82773934;0,979131036;2,827739341;0,978277393
84;economy;model_only;a;mmp;c;a;1;100;2;a;74,92403754;0,544774299;25,07596246;0,749240375
84;economy;model_only;a;mmp;c;b;1;60;2;b;64,7493216;0,577785504;4,749321604;0,647493216
84;economy;model_only;a;mmp;c;c;1;32,5;2;c;46,06015067;0,622960163;13,56015067;0,460601507
84;economy;model_only;a;mmp;c;d;1;67,5;2;d;65,93255377;0,48693951;1,567446229;0,659325538
84;economy;model_only;a;mmp;c;e;1;25;2;e;26,22814117;0,48693951;1,228141174;0,262281412
84;economy;model_only;a;mmp;c;f;1;20;2;f;43,09562529;0,367832428;23,09562529;0,430956253
84;economy;model_only;a;mmp;c;g;1;32,5;2;g;23,72408617;0,367832428;8,77591383;0,237240862
84;economy;model_only;a;mmp;c;h;1;42,5;2;h;17,69895923;0,367832428;24,80104077;0,176989592
84;economy;model_only;a;mmp;c;i;1;35;1;i;21,98881929;0,34308251;13,01118071;0,219888193
84;economy;model_only;a;mmp;c;j;1;32,5;2;j;52,81298921;0,597262396;20,31298921;0,528129892
84;economy;model_only;a;mmp;c;k;1;100;1;k;81,5349844;0,753092922;18,4650156;0,815349844
88;society;model_only;b;ppp;c;a;1;55;2;a;55,40904908;0,534375349;0,409049079;0,554090491
88;society;model_only;b;ppp;c;b;1;57,5;2;b;54,44270695;0,534375349;3,057293048;0,54442707
88;society;model_only;b;ppp;c;c;1;45;2;c;53,28789116;0,534375349;8,287891165;0,532878912
88;society;model_only;b;ppp;c;d;1;47,5;2;d;55,01174808;0,53437529;7,511748084;0,550117481
88;society;model_only;b;ppp;c;e;1;47,5;2;e;52,85921931;0,53437529;5,359219315;0,528592193
88;society;model_only;b;ppp;c;f;1;65;2;f;53,28789086;0,534375041;11,71210914;0,532878909
88;society;model_only;b;ppp;c;g;1;57,5;2;g;52,26975173;0,534375041;5,230248266;0,522697517
88;society;model_only;b;ppp;c;h;1;52,5;2;h;51,15477997;0,534375041;1,345220031;0,5115478
88;society;model_only;b;ppp;c;i;1;75;1;i;79,17731305;0,808332141;4,177313055;0,791773131
88;society;model_only;b;ppp;c;j;1;77,5;2;j;80,55191042;0,808332333;3,051910416;0,805519104
88;society;model_only;b;ppp;c;k;1;90;1;k;81,85655831;0,808332524;8,143441688;0,818565583
94;economy;model_only;b;mpm;c;a;1;65;2;a;58,18150264;0,470520355;6,818497356;0,581815026
94;economy;model_only;b;mpm;c;b;1;27,5;2;b;51,60388446;0,512140826;24,10388446;0,516038845
94;economy;model_only;b;mpm;c;c;1;52,5;2;c;44,59029164;0,555832824;7,909708362;0,445902916
94;economy;model_only;b;mpm;c;d;1;62,5;2;d;52,59332552;0,425422907;9,90667448;0,525933255
94;economy;model_only;b;mpm;c;e;1;27,5;2;e;31,81718749;0,425422907;4,317187488;0,318171875
94;economy;model_only;b;mpm;c;f;1;25;2;f;30,73668375;0,266337622;5,736683754;0,307366838
94;economy;model_only;b;mpm;c;g;1;30;2;g;21,50775631;0,266337622;8,492243688;0,215077563
94;economy;model_only;b;mpm;c;h;1;27,5;2;h;18,97892654;0,266337622;8,521073456;0,189789265
94;economy;model_only;b;mpm;c;i;1;35;1;i;40,73656675;0,424802237;5,736566753;0,407365668
94;economy;model_only;b;mpm;c;j;1;75;2;j;70,25091695;0,71797936;4,749083045;0,70250917
94;economy;model_only;b;mpm;c;k;1;90;1;k;88,10029568;0,861724704;1,899704317;0,881002957
97;weather;model_only;b;ppp;c;a;1;50;2;a;54,17360763;0,503261839;4,173607632;0,541736076
97;weather;model_only;b;ppp;c;b;1;50;2;b;58,46042962;0,575957867;8,460429622;0,584604296
97;weather;model_only;b;ppp;c;c;1;65;2;c;64,49345916;0,6746977;0,506540836;0,644934592
97;weather;model_only;b;ppp;c;d;1;62,5;2;d;48,67288714;0,452981898;13,82711286;0,486728871
97;weather;model_only;b;ppp;c;e;1;50;2;e;41,58947407;0,452981898;8,410525933;0,415894741
97;weather;model_only;b;ppp;c;f;1;12,5;2;f;24,54573101;0,235486069;12,04573101;0,24545731
97;weather;model_only;b;ppp;c;g;1;30;2;g;22,07190518;0,235486069;7,928094819;0,220719052
97;weather;model_only;b;ppp;c;h;1;10;2;h;21,37123299;0,235486069;11,37123299;0,21371233
97;weather;model_only;b;ppp;c;i;1;30;1;i;28,50095713;0,294484565;1,499042873;0,285009571
97;weather;model_only;b;ppp;c;j;1;62,5;2;j;72,70670119;0,737573803;10,20670119;0,727067012
97;weather;model_only;b;ppp;c;k;1;90;1;k;90,63715331;0,902386956;0,637153308;0,906371533
99;society;model_only;b;mpm;c;a;1;50;2;a;54,09571734;0,540958062;4,095717342;0,540957173
99;society;model_only;b;mpm;c;b;1;50;2;b;67,7400726;0,677401265;17,7400726;0,677400726
99;society;model_only;b;mpm;c;c;1;100;2;c;96,39077611;0,963908272;3,609223886;0,963907761
99;society;model_only;b;mpm;c;d;1;50;2;d;48,20947648;0,482095564;1,790523518;0,482094765
99;society;model_only;b;mpm;c;e;1;50;2;e;48,20947648;0,482095564;1,790523518;0,482094765
99;society;model_only;b;mpm;c;f;1;0;2;f;20,41588392;0,204159585;20,41588392;0,204158839
99;society;model_only;b;mpm;c;g;1;50;2;g;20,41588392;0,204159585;29,58411608;0,204158839
99;society;model_only;b;mpm;c;h;1;25;2;h;20,41588392;0,204159585;4,58411608;0,204158839
99;society;model_only;b;mpm;c;i;1;0;1;i;2,54940079;0,0254937;2,54940079;0,025494008
99;society;model_only;b;mpm;c;j;1;75;2;j;73,14382302;0,731437773;1,856176981;0,73143823
99;society;model_only;b;mpm;c;k;1;100;1;k;92,59877058;0,925987477;7,401229422;0,925987706
100;economy;model_only;a;mpm;c;a;1;75;2;a;73,91800505;0,634657715;1,081994951;0,73918005
100;economy;model_only;a;mpm;c;b;1;75;2;b;75,86512087;0,705574383;0,865120868;0,758651209
100;economy;model_only;a;mpm;c;c;1;87,5;2;c;81,98564777;0,875522175;5,514352234;0,819856478
100;economy;model_only;a;mpm;c;d;1;50;2;d;66,76678239;0,571995418;16,76678239;0,667667824
100;economy;model_only;a;mpm;c;e;1;50;2;e;46,64001968;0,571995418;3,359980317;0,466400197
100;economy;model_only;a;mpm;c;f;1;62,5;2;f;37,34262355;0,330987083;25,15737645;0,373426235
100;economy;model_only;a;mpm;c;g;1;27,5;2;g;29,98134876;0,330987083;2,481348763;0,299813488
100;economy;model_only;a;mpm;c;h;1;10;2;h;26,82931794;0,330987083;16,82931794;0,268293179
100;economy;model_only;a;mpm;c;i;1;15;1;i;12,1257187;0,128721106;2,874281296;0,121257187
100;economy;model_only;a;mpm;c;j;1;65;2;j;63,13695125;0,677455527;1,863048746;0,631369513
100;economy;model_only;a;mpm;c;k;1;95;1;k;89,06457127;0,880595137;5,935428733;0,890645713
101;weather;model_only;a;pmm;c;a;1;50;2;a;53,64660792;0,536465809;3,64660792;0,536466079
101;weather;model_only;a;pmm;c;b;1;37,5;2;b;66,00562697;0,66005596;28,50562697;0,66005627
101;weather;model_only;a;pmm;c;c;1;100;2;c;90,00268085;0,900026091;9,997319153;0,900026808
101;weather;model_only;a;pmm;c;d;1;50;2;d;45,7487727;0,457487538;4,251227304;0,457487727
101;weather;model_only;a;pmm;c;e;1;50;2;e;45,7487727;0,457487538;4,251227305;0,457487727
101;weather;model_only;a;pmm;c;f;1;0;2;f;25,73457649;0,257345534;25,73457649;0,257345765
101;weather;model_only;a;pmm;c;g;1;37,5;2;g;25,73457649;0,257345534;11,76542351;0,257345765
101;weather;model_only;a;pmm;c;h;1;50;2;h;25,73457649;0,257345534;24,26542351;0,257345765
101;weather;model_only;a;pmm;c;i;1;10;1;i;5,738741361;0,057387861;4,261258639;0,057387414
101;weather;model_only;a;pmm;c;j;1;50;2;j;61,26587786;0,612659135;11,26587786;0,612658779
101;weather;model_only;a;pmm;c;k;1;100;1;k;84,08325711;0,840832789;15,91674289;0,840832571
107;society;model_only;a;mmp;c;a;1;85;2;a;75,24361215;0,69741965;9,756387847;0,752436122
107;society;model_only;a;mmp;c;b;1;80;2;b;74,88130205;0,721531134;5,11869795;0,74881302
107;society;model_only;a;mmp;c;c;1;75;2;c;73,8012201;0,784005574;1,1987799;0,738012201
107;society;model_only;a;mmp;c;d;1;65;2;d;70,55033116;0,653387527;5,550331162;0,705503312
107;society;model_only;a;mmp;c;e;1;47,5;2;e;59,16590876;0,653387527;11,66590876;0,591659088
107;society;model_only;a;mmp;c;f;1;35;2;f;49,89070685;0,466229321;14,89070685;0,498907069
107;society;model_only;a;mmp;c;g;1;52,5;2;g;45,20414077;0,466229321;7,295859235;0,452041408
107;society;model_only;a;mmp;c;h;1;52,5;2;h;41,3379327;0,466229321;11,1620673;0,413379327
107;society;model_only;a;mmp;c;i;1;40;1;i;35,23446789;0,367016673;4,765532108;0,352344679
107;society;model_only;a;mmp;c;j;1;60;2;j;68,50173131;0,706701064;8,501731309;0,685017313
107;society;model_only;a;mmp;c;k;1;100;1;k;86,90910249;0,864097106;13,09089751;0,869091025
108;society;model_only;a;pmm;c;a;1;30;2;a;36,85631472;0,368563726;6,856314719;0,368563147
108;society;model_only;a;pmm;c;b;1;60;2;b;49,91445962;0,499144683;10,08554038;0,499144596
108;society;model_only;a;pmm;c;c;1;60;2;c;62,92800089;0,629279652;2,928000888;0,629280009
108;society;model_only;a;pmm;c;d;1;20;2;d;30,96061465;0,309606858;10,96061465;0,309606147
108;society;model_only;a;pmm;c;e;1;52,5;2;e;30,96061464;0,309606858;21,53938536;0,309606146
108;society;model_only;a;pmm;c;f;1;7,5;2;f;15,52617336;0,155261923;8,026173357;0,155261734
108;society;model_only;a;pmm;c;g;1;15;2;g;15,52617335;0,155261923;0,526173354;0,155261734
108;society;model_only;a;pmm;c;h;1;10;2;h;15,52617335;0,155261923;5,526173353;0,155261734
108;society;model_only;a;pmm;c;i;1;20;1;i;17,48416583;0,1748428;2,515834165;0,174841658
108;society;model_only;a;pmm;c;j;1;65;2;j;66,18052204;0,661806327;1,180522038;0,66180522
108;society;model_only;a;pmm;c;k;1;80;1;k;86,13893805;0,861390095;6,138938047;0,86138938
109;weather;model_only;a;ppp;c;a;1;57,5;2;a;50,39304452;0,503930854;7,106955477;0,503930445
109;weather;model_only;a;ppp;c;b;1;80;2;b;51,24181251;0,512418525;28,75818749;0,512418125
109;weather;model_only;a;ppp;c;c;1;25;2;c;52,1338147;0,521338551;27,1338147;0,521338147
109;weather;model_only;a;ppp;c;d;1;30;2;d;48,36697094;0,483670167;18,36697094;0,483669709
109;weather;model_only;a;ppp;c;e;1;50;2;e;48,36697094;0,483670167;1,633029063;0,483669709
109;weather;model_only;a;ppp;c;f;1;25;2;f;36,11318405;0,361131979;11,11318405;0,36113184
109;weather;model_only;a;ppp;c;g;1;47,5;2;g;36,11318405;0,361131979;11,38681595;0,36113184
109;weather;model_only;a;ppp;c;h;1;45;2;h;36,11318404;0,361131979;8,886815955;0,36113184
109;weather;model_only;a;ppp;c;i;1;65;1;i;70,90746006;0,709075301;5,90746006;0,709074601
109;weather;model_only;a;ppp;c;j;1;85;2;j;82,4444318;0,824444957;2,555568205;0,824444318
109;weather;model_only;a;ppp;c;k;1;100;1;k;89,4062885;0,894063401;10,5937115;0,894062885
112;economy;model_only;a;pmm;c;a;1;67,5;2;a;64,54229274;0,569849952;2,957707256;0,645422927
112;economy;model_only;a;pmm;c;b;1;47,5;2;b;61,53023817;0,600164332;14,03023817;0,615302382
112;economy;model_only;a;pmm;c;c;1;45;2;c;56,71262489;0,64566705;11,71262489;0,567126249
112;economy;model_only;a;pmm;c;d;1;50;2;d;57,09630494;0,50652488;7,096304936;0,570963049
112;economy;model_only;a;pmm;c;e;1;50;2;e;43,49015872;0,50652488;6,509841282;0,434901587
112;economy;model_only;a;pmm;c;f;1;55;2;f;44,92622677;0,405870056;10,07377323;0,449262268
112;economy;model_only;a;pmm;c;g;1;47,5;2;g;38,80424729;0,405870056;8,69575271;0,388042473
112;economy;model_only;a;pmm;c;h;1;40;2;h;34,92229805;0,405870056;5,077701951;0,34922298
112;economy;model_only;a;pmm;c;i;1;10;1;i;30,11936525;0,301395758;20,11936525;0,301193652
112;economy;model_only;a;pmm;c;j;1;60;2;j;51,27402455;0,535055336;8,725975452;0,512740245
112;economy;model_only;a;pmm;c;k;1;80;1;k;70,1322609;0,690563658;9,867739103;0,701322609
118;weather;model_only;b;mpm;c;a;1;95;2;a;80,80145792;0,646490406;14,19854208;0,808014579
118;weather;model_only;b;mpm;c;b;1;72,5;2;b;79,13620215;0,702644133;6,636202151;0,791362022
118;weather;model_only;b;mpm;c;c;1;85;2;c;72,81990165;0,835333923;12,18009835;0,728199016
118;weather;model_only;b;mpm;c;d;1;70;2;d;76,83963053;0,61124241;6,839630528;0,768396305
118;weather;model_only;b;mpm;c;e;1;30;2;e;39,49780611;0,61124241;9,497806107;0,394978061
118;weather;model_only;b;mpm;c;f;1;32,5;2;f;33,88429525;0,270966414;1,384295252;0,338842953
118;weather;model_only;b;mpm;c;g;1;22,5;2;g;19,66385137;0,270966414;2,836148634;0,196638514
118;weather;model_only;b;mpm;c;h;1;15;2;h;16,18311823;0,270966414;1,183118225;0,161831182
118;weather;model_only;b;mpm;c;i;1;30;1;i;18,49315144;0,25538452;11,50684856;0,184931514
118;weather;model_only;b;mpm;c;j;1;75;2;j;75,89412179;0,823978633;0,894121786;0,758941218
118;weather;model_only;b;mpm;c;k;1;95;1;k;96,27628016;0,958389904;1,276280156;0,962762802
119;economy;model_only;b;pmm;c;a;1;100;2;a;73,75120252;0,548691677;26,24879748;0,737512025
119;economy;model_only;b;pmm;c;b;1;72,5;2;b;65,00320984;0,572721998;7,496790156;0,650032098
119;economy;model_only;b;pmm;c;c;1;42,5;2;c;48,75464531;0,604932158;6,254645308;0,487546453
119;economy;model_only;b;pmm;c;d;1;40;2;d;65,05420518;0,491676338;25,05420518;0,650542052
119;economy;model_only;b;pmm;c;e;1;20;2;e;32,27308061;0,491676338;12,27308061;0,322730806
119;economy;model_only;b;pmm;c;f;1;52,5;2;f;48,75464479;0,402907931;3,745355205;0,487546448
119;economy;model_only;b;pmm;c;g;1;35;2;g;32,22517096;0,402907931;2,774829037;0,32225171
119;economy;model_only;b;pmm;c;h;1;30;2;h;24,36583546;0,402907931;5,634164542;0,243658355
119;economy;model_only;b;pmm;c;i;1;40;1;i;24,5317075;0,341496555;15,4682925;0,245317075
119;economy;model_only;b;pmm;c;j;1;45;2;j;48,97902941;0,540607837;3,97902941;0,489790294
119;economy;model_only;b;pmm;c;k;1;75;1;k;73,92467365;0,679513963;1,075326348;0,739246737
121;society;model_only;b;ppp;c;a;1;52,5;2;a;72,78056841;0,685413954;20,28056841;0,727805684
121;society;model_only;b;ppp;c;b;1;80;2;b;74,01743261;0,718480827;5,982567386;0,740174326
121;society;model_only;b;ppp;c;c;1;90;2;c;77,54093017;0,802872644;12,45906983;0,775409302
121;society;model_only;b;ppp;c;d;1;75;2;d;67,70260212;0,63655063;7,297397877;0,677026021
121;society;model_only;b;ppp;c;e;1;47,5;2;e;59,56681234;0,63655063;12,06681234;0,595668123
121;society;model_only;b;ppp;c;f;1;60;2;f;44,87858652;0,428503319;15,12141348;0,448785865
121;society;model_only;b;ppp;c;g;1;27,5;2;g;41,64122916;0,428503319;14,14122916;0,416412292
121;society;model_only;b;ppp;c;h;1;47,5;2;h;39,33125008;0,428503319;8,168749919;0,393312501
121;society;model_only;b;ppp;c;i;1;35;1;i;29,41681563;0,301414977;5,583184371;0,294168156
121;society;model_only;b;ppp;c;j;1;65;2;j;68,9395622;0,70093147;3,939562196;0,689395622
121;society;model_only;b;ppp;c;k;1;95;1;k;87,93607663;0,871966929;7,063923374;0,879360766
132;weather;model_only;b;mmp;c;a;1;60;2;a;41,41951607;0,37565848;18,58048393;0,414195161
132;weather;model_only;b;mmp;c;b;1;50;2;b;59,82131752;0,587262283;9,821317522;0,598213175
132;weather;model_only;b;mmp;c;c;1;87,5;2;c;87,21942866;0,888341944;0,28057134;0,872194287
132;weather;model_only;b;mmp;c;d;1;20;2;d;34,43249607;0,318101129;14,43249607;0,344324961
132;weather;model_only;b;mmp;c;e;1;40;2;e;25,80286754;0,318101129;14,19713246;0,258028675
132;weather;model_only;b;mmp;c;f;1;0;2;f;12,70967694;0,125580013;12,70967694;0,127096769
132;weather;model_only;b;mmp;c;g;1;2,5;2;g;10,6914634;0,125580013;8,191463397;0,106914634
132;weather;model_only;b;mmp;c;h;1;5;2;h;10,4498554;0,125580013;5,449855405;0,104498554
132;weather;model_only;b;mmp;c;i;1;0;1;i;3,444828569;0,041329433;3,444828569;0,034448286
132;weather;model_only;b;mmp;c;j;1;57,5;2;j;67,60047245;0,70486236;10,10047245;0,676004725
132;weather;model_only;b;mmp;c;k;1;100;1;k;91,01687935;0,90913852;8,983120649;0,910168794
133;economy;model_only;a;pmm;c;a;1;50;2;a;54,80916898;0,548092649;4,809168976;0,54809169
133;economy;model_only;a;pmm;c;b;1;50;2;b;63,79021893;0,637903114;13,79021893;0,637902189
133;economy;model_only;a;pmm;c;c;1;85;2;c;79,61199764;0,796121475;5,388002355;0,796119976
133;economy;model_only;a;pmm;c;d;1;50;2;d;46,95437834;0,469544662;3,04562166;0,469543783
133;economy;model_only;a;pmm;c;e;1;50;2;e;46,95437834;0,469544662;3,045621661;0,469543783
133;economy;model_only;a;pmm;c;f;1;20;2;f;29,76143731;0,297615028;9,761437306;0,297614373
133;economy;model_only;a;pmm;c;g;1;40;2;g;29,76143731;0,297615028;10,23856269;0,297614373
133;economy;model_only;a;pmm;c;h;1;35;2;h;29,76143731;0,297615028;5,238562694;0,297614373
133;economy;model_only;a;pmm;c;i;1;15;1;i;13,25577919;0,132556985;1,744220813;0,132557792
133;economy;model_only;a;pmm;c;j;1;50;2;j;58,47665956;0,584766373;8,476659558;0,584766596
133;economy;model_only;a;pmm;c;k;1;90;1;k;80,12331213;0,801233093;9,876687868;0,801233121
136;economy;model_only;b;mpm;c;a;1;80;2;a;82,17236722;0,695525092;2,172367224;0,821723672
136;economy;model_only;b;mpm;c;b;1;85;2;b;83,00220694;0,754975909;1,997793063;0,830022069
136;economy;model_only;b;mpm;c;c;1;87,5;2;c;87,05441109;0,938157631;0,445588914;0,870544111
136;economy;model_only;b;mpm;c;d;1;72,5;2;d;79,00307317;0,666585142;6,503073171;0,790030732
136;economy;model_only;b;mpm;c;e;1;50;2;e;48,50177873;0,666585142;1,498221275;0,485017787
136;economy;model_only;b;mpm;c;f;1;40;2;f;31,81841879;0,247186057;8,181581208;0,318184188
136;economy;model_only;b;mpm;c;g;1;25;2;g;20,70726286;0,247186057;4,29273714;0,207072629
136;economy;model_only;b;mpm;c;h;1;5;2;h;17,80558946;0,247186057;12,80558946;0,178055895
136;economy;model_only;b;mpm;c;i;1;10;1;i;11,14298791;0,112581872;1,142987911;0,111429879
136;economy;model_only;b;mpm;c;j;1;82,5;2;j;79,56190851;0,85425491;2,938091488;0,795619085
136;economy;model_only;b;mpm;c;k;1;100;1;k;97,46508376;0,976063559;2,534916237;0,974650838
137;society;model_only;b;mmp;c;a;1;100;2;a;78,90323632;0,684166312;21,09676368;0,789032363
137;society;model_only;b;mmp;c;b;1;72,5;2;b;77,34416893;0,72006353;4,844168933;0,773441689
137;society;model_only;b;mmp;c;c;1;77,5;2;c;72,0217082;0,812399757;5,478291796;0,720217082
137;society;model_only;b;mmp;c;d;1;65;2;d;74,85525049;0,646319613;9,855250489;0,748552505
137;society;model_only;b;mmp;c;e;1;42,5;2;e;51,11026093;0,646319613;8,610260929;0,511102609
137;society;model_only;b;mmp;c;f;1;32,5;2;f;43,20045355;0,369549499;10,70045355;0,432004536
137;society;model_only;b;mmp;c;g;1;42,5;2;g;32,80294471;0,369549499;9,697055289;0,328029447
137;society;model_only;b;mmp;c;h;1;30;2;h;27,72729212;0,369549499;2,272707879;0,277272921
137;society;model_only;b;mmp;c;i;1;35;1;i;30,2102379;0,331500898;4,789762099;0,302102379
137;society;model_only;b;mmp;c;j;1;72,5;2;j;74,38853211;0,785569729;1,888532115;0,743885321
137;society;model_only;b;mmp;c;k;1;100;1;k;93,45660776;0,931218545;6,543392236;0,934566078
138;weather;model_only;a;pmm;c;a;1;100;2;a;99,94094382;0,812212138;0,059056177;0,999409438
138;weather;model_only;a;pmm;c;b;1;100;2;b;99,94097808;0,841901147;0,059021923;0,999409781
138;weather;model_only;a;pmm;c;c;1;100;2;c;99,99898036;0,999999768;0,00101964;0,999989804
138;weather;model_only;a;pmm;c;d;1;100;2;d;99,94094199;0,812019943;0,059058012;0,99940942
138;weather;model_only;a;pmm;c;e;1;32,5;2;e;32,5004924;0,812019943;0,000492398;0,325004924
138;weather;model_only;a;pmm;c;f;1;0;2;f;0,08866063;0,00541507;0,08866063;0,000886606
138;weather;model_only;a;pmm;c;g;1;0;2;g;0,001497919;0,00541507;0,001497919;1,49792E-05
138;weather;model_only;a;pmm;c;h;1;0;2;h;0,001496614;0,00541507;0,001496614;1,49661E-05
138;weather;model_only;a;pmm;c;i;1;0;1;i;0,000490938;1,00004E-06;0,000490938;4,90938E-06
138;weather;model_only;a;pmm;c;j;1;97,5;2;j;99,99689169;0,998739605;2,496891687;0,999968917
138;weather;model_only;a;pmm;c;k;1;100;1;k;100;0,999998411;1,62996E-09;1
141;society;model_only;a;pmm;c;a;1;50;2;a;54,4871473;0,544871353;4,487147296;0,544871473
141;society;model_only;a;pmm;c;b;1;70;2;b;55,40319592;0,554032084;14,59680408;0,554031959
141;society;model_only;a;pmm;c;c;1;65;2;c;56,54121516;0,565412587;8,458784838;0,565412152
141;society;model_only;a;pmm;c;d;1;35;2;d;52,00664222;0,520065985;17,00664222;0,520066422
141;society;model_only;a;pmm;c;e;1;47,5;2;e;52,00664222;0,520065985;4,506642222;0,520066422
141;society;model_only;a;pmm;c;f;1;35;2;f;40,46098511;0,404608417;5,460985114;0,404609851
141;society;model_only;a;pmm;c;g;1;30;2;g;40,46098511;0,404608417;10,46098511;0,404609851
141;society;model_only;a;pmm;c;h;1;60;2;h;40,46098511;0,404608417;19,53901489;0,404609851
141;society;model_only;a;pmm;c;i;1;70;1;i;65,01638834;0,650160696;4,983611661;0,650163883
141;society;model_only;a;pmm;c;j;1;72,5;2;j;78,06075024;0,780606425;5,560750243;0,780607502
141;society;model_only;a;pmm;c;k;1;90;1;k;86,24125249;0,862412428;3,758747511;0,862412525